id,organizationId,operatingUnitId,moduleName,entityType,entityId,actionType,actorUserId,diff,createdAt
1,30001,30001,MEAL,dqa_visit,1,create,1,"{""input"": {""accurateCount"": 90, ""dataSource"": ""mixed"", ""discrepanciesCount"": 10, ""duplicatesCount"": 2, ""missingFieldsCount"": 5, ""projectId"": 1, ""recordsCheckedCount"": 100, ""status"": ""draft"", ""visitDate"": ""2026-02-06""}}",2026-02-06 22:29:28
2,30001,30001,MEAL,dqa_visit,2,create,1,"{""input"": {""accurateCount"": 40, ""dataSource"": ""survey"", ""discrepanciesCount"": 10, ""duplicatesCount"": 0, ""missingFieldsCount"": 0, ""projectId"": 1, ""recordsCheckedCount"": 50, ""status"": ""draft"", ""visitDate"": ""2026-02-06""}}",2026-02-06 22:29:28
3,30001,30001,MEAL,indicator_template,1,create,1,"{""input"": {""active"": true, ""calculationMethod"": ""numerator/denominator * 100"", ""code"": ""TST-001"", ""frequency"": ""monthly"", ""name"": ""Test Template"", ""unitOfMeasure"": ""%""}}",2026-02-06 22:29:28
4,30001,30001,MEAL,survey_standard,1,create,1,"{""input"": {""gpsRequired"": true, ""photoRequired"": false, ""standardName"": ""Test Standard""}}",2026-02-06 22:29:28
5,30001,30001,MEAL,indicator_template,2,create,1,"{""input"": {""active"": true, ""name"": ""To Delete Template""}}",2026-02-06 22:29:28
6,30001,30001,MEAL,survey_standard,2,create,1,"{""input"": {""gpsRequired"": false, ""photoRequired"": false, ""standardName"": ""To Delete Standard""}}",2026-02-06 22:29:28
7,30001,30001,MEAL,dqa_visit,3,create,1,"{""input"": {""accurateCount"": 90, ""dataSource"": ""mixed"", ""discrepanciesCount"": 10, ""duplicatesCount"": 2, ""missingFieldsCount"": 5, ""projectId"": 1, ""recordsCheckedCount"": 100, ""status"": ""draft"", ""visitDate"": ""2026-02-06""}}",2026-02-06 22:29:47
8,30001,30001,MEAL,dqa_visit,4,create,1,"{""input"": {""accurateCount"": 40, ""dataSource"": ""survey"", ""discrepanciesCount"": 10, ""duplicatesCount"": 0, ""missingFieldsCount"": 0, ""projectId"": 1, ""recordsCheckedCount"": 50, ""status"": ""draft"", ""visitDate"": ""2026-02-06""}}",2026-02-06 22:29:47
9,30001,30001,MEAL,indicator_template,3,create,1,"{""input"": {""active"": true, ""calculationMethod"": ""numerator/denominator * 100"", ""code"": ""TST-001"", ""frequency"": ""monthly"", ""name"": ""Test Template"", ""unitOfMeasure"": ""%""}}",2026-02-06 22:29:47
10,30001,30001,MEAL,survey_standard,3,create,1,"{""input"": {""gpsRequired"": true, ""photoRequired"": false, ""standardName"": ""Test Standard""}}",2026-02-06 22:29:47
11,30001,30001,MEAL,indicator_template,4,create,1,"{""input"": {""active"": true, ""name"": ""To Delete Template""}}",2026-02-06 22:29:47
12,30001,30001,MEAL,survey_standard,4,create,1,"{""input"": {""gpsRequired"": false, ""photoRequired"": false, ""standardName"": ""To Delete Standard""}}",2026-02-06 22:29:47
13,30001,30001,MEAL,dqa_visit,5,create,1,"{""input"": {""accurateCount"": 90, ""dataSource"": ""mixed"", ""discrepanciesCount"": 10, ""duplicatesCount"": 2, ""missingFieldsCount"": 5, ""projectId"": 1, ""recordsCheckedCount"": 100, ""status"": ""draft"", ""visitDate"": ""2026-02-06""}}",2026-02-06 22:30:06
14,30001,30001,MEAL,dqa_visit,6,create,1,"{""input"": {""accurateCount"": 40, ""dataSource"": ""survey"", ""discrepanciesCount"": 10, ""duplicatesCount"": 0, ""missingFieldsCount"": 0, ""projectId"": 1, ""recordsCheckedCount"": 50, ""status"": ""draft"", ""visitDate"": ""2026-02-06""}}",2026-02-06 22:30:06
15,30001,30001,MEAL,indicator_template,5,create,1,"{""input"": {""active"": true, ""calculationMethod"": ""numerator/denominator * 100"", ""code"": ""TST-001"", ""frequency"": ""monthly"", ""name"": ""Test Template"", ""unitOfMeasure"": ""%""}}",2026-02-06 22:30:06
16,30001,30001,MEAL,survey_standard,5,create,1,"{""input"": {""gpsRequired"": true, ""photoRequired"": false, ""standardName"": ""Test Standard""}}",2026-02-06 22:30:06
17,30001,30001,MEAL,indicator_template,6,create,1,"{""input"": {""active"": true, ""name"": ""To Delete Template""}}",2026-02-06 22:30:06
18,30001,30001,MEAL,survey_standard,6,create,1,"{""input"": {""gpsRequired"": false, ""photoRequired"": false, ""standardName"": ""To Delete Standard""}}",2026-02-06 22:30:06
19,30001,30001,MEAL,dqa_visit,7,create,1,"{""input"": {""accurateCount"": 90, ""dataSource"": ""mixed"", ""discrepanciesCount"": 10, ""duplicatesCount"": 2, ""missingFieldsCount"": 5, ""projectId"": 1, ""recordsCheckedCount"": 100, ""status"": ""draft"", ""visitDate"": ""2026-02-06""}}",2026-02-06 22:30:25
20,30001,30001,MEAL,dqa_visit,8,create,1,"{""input"": {""accurateCount"": 40, ""dataSource"": ""survey"", ""discrepanciesCount"": 10, ""duplicatesCount"": 0, ""missingFieldsCount"": 0, ""projectId"": 1, ""recordsCheckedCount"": 50, ""status"": ""draft"", ""visitDate"": ""2026-02-06""}}",2026-02-06 22:30:25
21,30001,30001,MEAL,indicator_template,7,create,1,"{""input"": {""active"": true, ""calculationMethod"": ""numerator/denominator * 100"", ""code"": ""TST-001"", ""frequency"": ""monthly"", ""name"": ""Test Template"", ""unitOfMeasure"": ""%""}}",2026-02-06 22:30:25
22,30001,30001,MEAL,survey_standard,7,create,1,"{""input"": {""gpsRequired"": true, ""photoRequired"": false, ""standardName"": ""Test Standard""}}",2026-02-06 22:30:25
23,30001,30001,MEAL,indicator_template,8,create,1,"{""input"": {""active"": true, ""name"": ""To Delete Template""}}",2026-02-06 22:30:25
24,30001,30001,MEAL,survey_standard,8,create,1,"{""input"": {""gpsRequired"": false, ""photoRequired"": false, ""standardName"": ""To Delete Standard""}}",2026-02-06 22:30:25
25,30001,30001,MEAL,learning_item,1,create,1,"{""input"": {""moduleSource"": ""cross_cutting"", ""projectId"": 1, ""status"": ""draft"", ""title"": ""Test Lesson Learned"", ""type"": ""lesson"", ""visibility"": ""internal""}}",2026-02-06 22:31:24
26,30001,30001,MEAL,learning_item,2,create,1,"{""input"": {""moduleSource"": ""survey"", ""projectId"": 1, ""status"": ""draft"", ""title"": ""To Update"", ""type"": ""best_practice"", ""visibility"": ""internal""}}",2026-02-06 22:31:24
27,30001,30001,MEAL,learning_item,2,update,1,"{""updates"": {""status"": ""published"", ""title"": ""Updated Title"", ""updatedBy"": 1}}",2026-02-06 22:31:24
28,30001,30001,MEAL,learning_item,3,create,1,"{""input"": {""moduleSource"": ""accountability"", ""projectId"": 1, ""status"": ""draft"", ""title"": ""To Delete"", ""type"": ""product"", ""visibility"": ""internal""}}",2026-02-06 22:31:24
29,30001,30001,MEAL,learning_item,3,delete,1,,2026-02-06 22:31:25
30,30001,30001,MEAL,dqa_visit,9,create,1,"{""input"": {""accurateCount"": 90, ""dataSource"": ""mixed"", ""discrepanciesCount"": 10, ""duplicatesCount"": 2, ""missingFieldsCount"": 5, ""projectId"": 1, ""recordsCheckedCount"": 100, ""status"": ""draft"", ""visitDate"": ""2026-02-06""}}",2026-02-06 22:31:25
31,30001,30001,MEAL,dqa_visit,10,create,1,"{""input"": {""accurateCount"": 40, ""dataSource"": ""survey"", ""discrepanciesCount"": 10, ""duplicatesCount"": 0, ""missingFieldsCount"": 0, ""projectId"": 1, ""recordsCheckedCount"": 50, ""status"": ""draft"", ""visitDate"": ""2026-02-06""}}",2026-02-06 22:31:25
32,30001,30001,MEAL,indicator_template,9,create,1,"{""input"": {""active"": true, ""calculationMethod"": ""numerator/denominator * 100"", ""code"": ""TST-001"", ""frequency"": ""monthly"", ""name"": ""Test Template"", ""unitOfMeasure"": ""%""}}",2026-02-06 22:31:25
33,30001,30001,MEAL,survey_standard,9,create,1,"{""input"": {""gpsRequired"": true, ""photoRequired"": false, ""standardName"": ""Test Standard""}}",2026-02-06 22:31:25
34,30001,30001,MEAL,indicator_template,10,create,1,"{""input"": {""active"": true, ""name"": ""To Delete Template""}}",2026-02-06 22:31:25
35,30001,30001,MEAL,survey_standard,10,create,1,"{""input"": {""gpsRequired"": false, ""photoRequired"": false, ""standardName"": ""To Delete Standard""}}",2026-02-06 22:31:25
36,30001,30001,MEAL,learning_item,2,update,1080332,"{""updates"": {""context"": """", ""moduleSource"": ""survey"", ""recommendations"": """", ""rootCause"": """", ""status"": ""published"", ""title"": ""Updated Title"", ""type"": ""best_practice"", ""updatedBy"": 1080332, ""visibility"": ""internal"", ""whatDidnt"": """", ""whatWorked"": """"}}",2026-02-06 22:53:33
37,30001,30001,MEAL,learning_item,4,create,1,"{""input"": {""moduleSource"": ""cross_cutting"", ""projectId"": 1, ""status"": ""draft"", ""title"": ""Test Lesson Learned"", ""type"": ""lesson"", ""visibility"": ""internal""}}",2026-02-07 00:00:09
38,30001,30001,MEAL,learning_item,5,create,1,"{""input"": {""moduleSource"": ""survey"", ""projectId"": 1, ""status"": ""draft"", ""title"": ""To Update"", ""type"": ""best_practice"", ""visibility"": ""internal""}}",2026-02-07 00:00:09
39,30001,30001,MEAL,learning_item,5,update,1,"{""updates"": {""status"": ""published"", ""title"": ""Updated Title"", ""updatedBy"": 1}}",2026-02-07 00:00:09
40,30001,30001,MEAL,learning_item,6,create,1,"{""input"": {""moduleSource"": ""accountability"", ""projectId"": 1, ""status"": ""draft"", ""title"": ""To Delete"", ""type"": ""product"", ""visibility"": ""internal""}}",2026-02-07 00:00:09
41,30001,30001,MEAL,learning_item,6,delete,1,,2026-02-07 00:00:09
42,30001,30001,MEAL,dqa_visit,11,create,1,"{""input"": {""accurateCount"": 90, ""dataSource"": ""mixed"", ""discrepanciesCount"": 10, ""duplicatesCount"": 2, ""missingFieldsCount"": 5, ""projectId"": 1, ""recordsCheckedCount"": 100, ""status"": ""draft"", ""visitDate"": ""2026-02-07""}}",2026-02-07 00:00:09
43,30001,30001,MEAL,dqa_visit,12,create,1,"{""input"": {""accurateCount"": 40, ""dataSource"": ""survey"", ""discrepanciesCount"": 10, ""duplicatesCount"": 0, ""missingFieldsCount"": 0, ""projectId"": 1, ""recordsCheckedCount"": 50, ""status"": ""draft"", ""visitDate"": ""2026-02-07""}}",2026-02-07 00:00:09
44,30001,30001,MEAL,indicator_template,11,create,1,"{""input"": {""active"": true, ""calculationMethod"": ""numerator/denominator * 100"", ""code"": ""TST-001"", ""frequency"": ""monthly"", ""name"": ""Test Template"", ""unitOfMeasure"": ""%""}}",2026-02-07 00:00:09
45,30001,30001,MEAL,survey_standard,11,create,1,"{""input"": {""gpsRequired"": true, ""photoRequired"": false, ""standardName"": ""Test Standard""}}",2026-02-07 00:00:09
46,30001,30001,MEAL,indicator_template,12,create,1,"{""input"": {""active"": true, ""name"": ""To Delete Template""}}",2026-02-07 00:00:09
47,30001,30001,MEAL,survey_standard,12,create,1,"{""input"": {""gpsRequired"": false, ""photoRequired"": false, ""standardName"": ""To Delete Standard""}}",2026-02-07 00:00:09
48,30001,30001,MEAL,learning_item,7,create,1,"{""input"": {""moduleSource"": ""cross_cutting"", ""projectId"": 1, ""status"": ""draft"", ""title"": ""Test Lesson Learned"", ""type"": ""lesson"", ""visibility"": ""internal""}}",2026-02-07 00:00:30
49,30001,30001,MEAL,learning_item,8,create,1,"{""input"": {""moduleSource"": ""survey"", ""projectId"": 1, ""status"": ""draft"", ""title"": ""To Update"", ""type"": ""best_practice"", ""visibility"": ""internal""}}",2026-02-07 00:00:30
50,30001,30001,MEAL,learning_item,8,update,1,"{""updates"": {""status"": ""published"", ""title"": ""Updated Title"", ""updatedBy"": 1}}",2026-02-07 00:00:30
51,30001,30001,MEAL,learning_item,9,create,1,"{""input"": {""moduleSource"": ""accountability"", ""projectId"": 1, ""status"": ""draft"", ""title"": ""To Delete"", ""type"": ""product"", ""visibility"": ""internal""}}",2026-02-07 00:00:30
52,30001,30001,MEAL,learning_item,9,delete,1,,2026-02-07 00:00:30
53,30001,30001,MEAL,dqa_visit,13,create,1,"{""input"": {""accurateCount"": 90, ""dataSource"": ""mixed"", ""discrepanciesCount"": 10, ""duplicatesCount"": 2, ""missingFieldsCount"": 5, ""projectId"": 1, ""recordsCheckedCount"": 100, ""status"": ""draft"", ""visitDate"": ""2026-02-07""}}",2026-02-07 00:00:30
54,30001,30001,MEAL,dqa_visit,14,create,1,"{""input"": {""accurateCount"": 40, ""dataSource"": ""survey"", ""discrepanciesCount"": 10, ""duplicatesCount"": 0, ""missingFieldsCount"": 0, ""projectId"": 1, ""recordsCheckedCount"": 50, ""status"": ""draft"", ""visitDate"": ""2026-02-07""}}",2026-02-07 00:00:30
55,30001,30001,MEAL,indicator_template,13,create,1,"{""input"": {""active"": true, ""calculationMethod"": ""numerator/denominator * 100"", ""code"": ""TST-001"", ""frequency"": ""monthly"", ""name"": ""Test Template"", ""unitOfMeasure"": ""%""}}",2026-02-07 00:00:30
56,30001,30001,MEAL,survey_standard,13,create,1,"{""input"": {""gpsRequired"": true, ""photoRequired"": false, ""standardName"": ""Test Standard""}}",2026-02-07 00:00:30
57,30001,30001,MEAL,indicator_template,14,create,1,"{""input"": {""active"": true, ""name"": ""To Delete Template""}}",2026-02-07 00:00:30
58,30001,30001,MEAL,survey_standard,14,create,1,"{""input"": {""gpsRequired"": false, ""photoRequired"": false, ""standardName"": ""To Delete Standard""}}",2026-02-07 00:00:30
59,30001,30001,MEAL,learning_item,10,create,1,"{""input"": {""moduleSource"": ""cross_cutting"", ""projectId"": 1, ""status"": ""draft"", ""title"": ""Test Lesson Learned"", ""type"": ""lesson"", ""visibility"": ""internal""}}",2026-02-07 02:51:47
60,30001,30001,MEAL,learning_item,11,create,1,"{""input"": {""moduleSource"": ""survey"", ""projectId"": 1, ""status"": ""draft"", ""title"": ""To Update"", ""type"": ""best_practice"", ""visibility"": ""internal""}}",2026-02-07 02:51:47
61,30001,30001,MEAL,learning_item,11,update,1,"{""updates"": {""status"": ""published"", ""title"": ""Updated Title"", ""updatedBy"": 1}}",2026-02-07 02:51:47
62,30001,30001,MEAL,learning_item,12,create,1,"{""input"": {""moduleSource"": ""accountability"", ""projectId"": 1, ""status"": ""draft"", ""title"": ""To Delete"", ""type"": ""product"", ""visibility"": ""internal""}}",2026-02-07 02:51:47
63,30001,30001,MEAL,learning_item,12,delete,1,,2026-02-07 02:51:47
64,30001,30001,MEAL,dqa_visit,15,create,1,"{""input"": {""accurateCount"": 90, ""dataSource"": ""mixed"", ""discrepanciesCount"": 10, ""duplicatesCount"": 2, ""missingFieldsCount"": 5, ""projectId"": 1, ""recordsCheckedCount"": 100, ""status"": ""draft"", ""visitDate"": ""2026-02-07""}}",2026-02-07 02:51:47
65,30001,30001,MEAL,dqa_visit,16,create,1,"{""input"": {""accurateCount"": 40, ""dataSource"": ""survey"", ""discrepanciesCount"": 10, ""duplicatesCount"": 0, ""missingFieldsCount"": 0, ""projectId"": 1, ""recordsCheckedCount"": 50, ""status"": ""draft"", ""visitDate"": ""2026-02-07""}}",2026-02-07 02:51:47
66,30001,30001,MEAL,indicator_template,15,create,1,"{""input"": {""active"": true, ""calculationMethod"": ""numerator/denominator * 100"", ""code"": ""TST-001"", ""frequency"": ""monthly"", ""name"": ""Test Template"", ""unitOfMeasure"": ""%""}}",2026-02-07 02:51:47
67,30001,30001,MEAL,survey_standard,15,create,1,"{""input"": {""gpsRequired"": true, ""photoRequired"": false, ""standardName"": ""Test Standard""}}",2026-02-07 02:51:47
68,30001,30001,MEAL,indicator_template,16,create,1,"{""input"": {""active"": true, ""name"": ""To Delete Template""}}",2026-02-07 02:51:47
69,30001,30001,MEAL,survey_standard,16,create,1,"{""input"": {""gpsRequired"": false, ""photoRequired"": false, ""standardName"": ""To Delete Standard""}}",2026-02-07 02:51:47
70,30001,30001,MEAL,learning_item,13,create,1,"{""input"": {""moduleSource"": ""cross_cutting"", ""projectId"": 1, ""status"": ""draft"", ""title"": ""Test Lesson Learned"", ""type"": ""lesson"", ""visibility"": ""internal""}}",2026-02-07 02:52:07
71,30001,30001,MEAL,learning_item,14,create,1,"{""input"": {""moduleSource"": ""survey"", ""projectId"": 1, ""status"": ""draft"", ""title"": ""To Update"", ""type"": ""best_practice"", ""visibility"": ""internal""}}",2026-02-07 02:52:07
72,30001,30001,MEAL,learning_item,14,update,1,"{""updates"": {""status"": ""published"", ""title"": ""Updated Title"", ""updatedBy"": 1}}",2026-02-07 02:52:07
73,30001,30001,MEAL,learning_item,15,create,1,"{""input"": {""moduleSource"": ""accountability"", ""projectId"": 1, ""status"": ""draft"", ""title"": ""To Delete"", ""type"": ""product"", ""visibility"": ""internal""}}",2026-02-07 02:52:07
74,30001,30001,MEAL,learning_item,15,delete,1,,2026-02-07 02:52:07
75,30001,30001,MEAL,dqa_visit,17,create,1,"{""input"": {""accurateCount"": 90, ""dataSource"": ""mixed"", ""discrepanciesCount"": 10, ""duplicatesCount"": 2, ""missingFieldsCount"": 5, ""projectId"": 1, ""recordsCheckedCount"": 100, ""status"": ""draft"", ""visitDate"": ""2026-02-07""}}",2026-02-07 02:52:07
76,30001,30001,MEAL,dqa_visit,18,create,1,"{""input"": {""accurateCount"": 40, ""dataSource"": ""survey"", ""discrepanciesCount"": 10, ""duplicatesCount"": 0, ""missingFieldsCount"": 0, ""projectId"": 1, ""recordsCheckedCount"": 50, ""status"": ""draft"", ""visitDate"": ""2026-02-07""}}",2026-02-07 02:52:07
77,30001,30001,MEAL,indicator_template,17,create,1,"{""input"": {""active"": true, ""calculationMethod"": ""numerator/denominator * 100"", ""code"": ""TST-001"", ""frequency"": ""monthly"", ""name"": ""Test Template"", ""unitOfMeasure"": ""%""}}",2026-02-07 02:52:07
78,30001,30001,MEAL,survey_standard,17,create,1,"{""input"": {""gpsRequired"": true, ""photoRequired"": false, ""standardName"": ""Test Standard""}}",2026-02-07 02:52:07
79,30001,30001,MEAL,indicator_template,18,create,1,"{""input"": {""active"": true, ""name"": ""To Delete Template""}}",2026-02-07 02:52:07
80,30001,30001,MEAL,survey_standard,18,create,1,"{""input"": {""gpsRequired"": false, ""photoRequired"": false, ""standardName"": ""To Delete Standard""}}",2026-02-07 02:52:07
81,30001,30001,MEAL,learning_item,16,create,1,"{""input"": {""moduleSource"": ""cross_cutting"", ""projectId"": 1, ""status"": ""draft"", ""title"": ""Test Lesson Learned"", ""type"": ""lesson"", ""visibility"": ""internal""}}",2026-02-07 02:52:27
82,30001,30001,MEAL,learning_item,17,create,1,"{""input"": {""moduleSource"": ""survey"", ""projectId"": 1, ""status"": ""draft"", ""title"": ""To Update"", ""type"": ""best_practice"", ""visibility"": ""internal""}}",2026-02-07 02:52:27
83,30001,30001,MEAL,learning_item,17,update,1,"{""updates"": {""status"": ""published"", ""title"": ""Updated Title"", ""updatedBy"": 1}}",2026-02-07 02:52:27
84,30001,30001,MEAL,learning_item,18,create,1,"{""input"": {""moduleSource"": ""accountability"", ""projectId"": 1, ""status"": ""draft"", ""title"": ""To Delete"", ""type"": ""product"", ""visibility"": ""internal""}}",2026-02-07 02:52:27
85,30001,30001,MEAL,learning_item,18,delete,1,,2026-02-07 02:52:27
86,30001,30001,MEAL,dqa_visit,19,create,1,"{""input"": {""accurateCount"": 90, ""dataSource"": ""mixed"", ""discrepanciesCount"": 10, ""duplicatesCount"": 2, ""missingFieldsCount"": 5, ""projectId"": 1, ""recordsCheckedCount"": 100, ""status"": ""draft"", ""visitDate"": ""2026-02-07""}}",2026-02-07 02:52:27
87,30001,30001,MEAL,dqa_visit,20,create,1,"{""input"": {""accurateCount"": 40, ""dataSource"": ""survey"", ""discrepanciesCount"": 10, ""duplicatesCount"": 0, ""missingFieldsCount"": 0, ""projectId"": 1, ""recordsCheckedCount"": 50, ""status"": ""draft"", ""visitDate"": ""2026-02-07""}}",2026-02-07 02:52:27
88,30001,30001,MEAL,indicator_template,19,create,1,"{""input"": {""active"": true, ""calculationMethod"": ""numerator/denominator * 100"", ""code"": ""TST-001"", ""frequency"": ""monthly"", ""name"": ""Test Template"", ""unitOfMeasure"": ""%""}}",2026-02-07 02:52:27
89,30001,30001,MEAL,survey_standard,19,create,1,"{""input"": {""gpsRequired"": true, ""photoRequired"": false, ""standardName"": ""Test Standard""}}",2026-02-07 02:52:27
90,30001,30001,MEAL,indicator_template,20,create,1,"{""input"": {""active"": true, ""name"": ""To Delete Template""}}",2026-02-07 02:52:27
91,30001,30001,MEAL,survey_standard,20,create,1,"{""input"": {""gpsRequired"": false, ""photoRequired"": false, ""standardName"": ""To Delete Standard""}}",2026-02-07 02:52:27
92,30001,30001,MEAL,learning_item,19,create,1,"{""input"": {""moduleSource"": ""cross_cutting"", ""projectId"": 1, ""status"": ""draft"", ""title"": ""Test Lesson Learned"", ""type"": ""lesson"", ""visibility"": ""internal""}}",2026-02-07 02:52:55
93,30001,30001,MEAL,learning_item,20,create,1,"{""input"": {""moduleSource"": ""survey"", ""projectId"": 1, ""status"": ""draft"", ""title"": ""To Update"", ""type"": ""best_practice"", ""visibility"": ""internal""}}",2026-02-07 02:52:55
94,30001,30001,MEAL,learning_item,20,update,1,"{""updates"": {""status"": ""published"", ""title"": ""Updated Title"", ""updatedBy"": 1}}",2026-02-07 02:52:55
95,30001,30001,MEAL,learning_item,21,create,1,"{""input"": {""moduleSource"": ""accountability"", ""projectId"": 1, ""status"": ""draft"", ""title"": ""To Delete"", ""type"": ""product"", ""visibility"": ""internal""}}",2026-02-07 02:52:55
96,30001,30001,MEAL,learning_item,21,delete,1,,2026-02-07 02:52:55
97,30001,30001,MEAL,dqa_visit,21,create,1,"{""input"": {""accurateCount"": 90, ""dataSource"": ""mixed"", ""discrepanciesCount"": 10, ""duplicatesCount"": 2, ""missingFieldsCount"": 5, ""projectId"": 1, ""recordsCheckedCount"": 100, ""status"": ""draft"", ""visitDate"": ""2026-02-07""}}",2026-02-07 02:52:55
98,30001,30001,MEAL,dqa_visit,22,create,1,"{""input"": {""accurateCount"": 40, ""dataSource"": ""survey"", ""discrepanciesCount"": 10, ""duplicatesCount"": 0, ""missingFieldsCount"": 0, ""projectId"": 1, ""recordsCheckedCount"": 50, ""status"": ""draft"", ""visitDate"": ""2026-02-07""}}",2026-02-07 02:52:55
99,30001,30001,MEAL,indicator_template,21,create,1,"{""input"": {""active"": true, ""calculationMethod"": ""numerator/denominator * 100"", ""code"": ""TST-001"", ""frequency"": ""monthly"", ""name"": ""Test Template"", ""unitOfMeasure"": ""%""}}",2026-02-07 02:52:56
100,30001,30001,MEAL,survey_standard,21,create,1,"{""input"": {""gpsRequired"": true, ""photoRequired"": false, ""standardName"": ""Test Standard""}}",2026-02-07 02:52:56
101,30001,30001,MEAL,indicator_template,22,create,1,"{""input"": {""active"": true, ""name"": ""To Delete Template""}}",2026-02-07 02:52:56
102,30001,30001,MEAL,survey_standard,22,create,1,"{""input"": {""gpsRequired"": false, ""photoRequired"": false, ""standardName"": ""To Delete Standard""}}",2026-02-07 02:52:56
30001,30001,30001,MEAL,learning_item,30001,create,1,"{""input"": {""moduleSource"": ""cross_cutting"", ""projectId"": 1, ""status"": ""draft"", ""title"": ""Test Lesson Learned"", ""type"": ""lesson"", ""visibility"": ""internal""}}",2026-02-07 12:19:13
30002,30001,30001,MEAL,learning_item,30002,create,1,"{""input"": {""moduleSource"": ""survey"", ""projectId"": 1, ""status"": ""draft"", ""title"": ""To Update"", ""type"": ""best_practice"", ""visibility"": ""internal""}}",2026-02-07 12:19:13
30003,30001,30001,MEAL,learning_item,30002,update,1,"{""updates"": {""status"": ""published"", ""title"": ""Updated Title"", ""updatedBy"": 1}}",2026-02-07 12:19:13
30004,30001,30001,MEAL,learning_item,30003,create,1,"{""input"": {""moduleSource"": ""accountability"", ""projectId"": 1, ""status"": ""draft"", ""title"": ""To Delete"", ""type"": ""product"", ""visibility"": ""internal""}}",2026-02-07 12:19:13
30005,30001,30001,MEAL,learning_item,30003,delete,1,,2026-02-07 12:19:13
30006,30001,30001,MEAL,dqa_visit,30001,create,1,"{""input"": {""accurateCount"": 90, ""dataSource"": ""mixed"", ""discrepanciesCount"": 10, ""duplicatesCount"": 2, ""missingFieldsCount"": 5, ""projectId"": 1, ""recordsCheckedCount"": 100, ""status"": ""draft"", ""visitDate"": ""2026-02-07""}}",2026-02-07 12:19:14
30007,30001,30001,MEAL,dqa_visit,30002,create,1,"{""input"": {""accurateCount"": 40, ""dataSource"": ""survey"", ""discrepanciesCount"": 10, ""duplicatesCount"": 0, ""missingFieldsCount"": 0, ""projectId"": 1, ""recordsCheckedCount"": 50, ""status"": ""draft"", ""visitDate"": ""2026-02-07""}}",2026-02-07 12:19:14
30008,30001,30001,MEAL,indicator_template,30001,create,1,"{""input"": {""active"": true, ""calculationMethod"": ""numerator/denominator * 100"", ""code"": ""TST-001"", ""frequency"": ""monthly"", ""name"": ""Test Template"", ""unitOfMeasure"": ""%""}}",2026-02-07 12:19:14
30009,30001,30001,MEAL,survey_standard,30001,create,1,"{""input"": {""gpsRequired"": true, ""photoRequired"": false, ""standardName"": ""Test Standard""}}",2026-02-07 12:19:14
30010,30001,30001,MEAL,indicator_template,30002,create,1,"{""input"": {""active"": true, ""name"": ""To Delete Template""}}",2026-02-07 12:19:14
30011,30001,30001,MEAL,survey_standard,30002,create,1,"{""input"": {""gpsRequired"": false, ""photoRequired"": false, ""standardName"": ""To Delete Standard""}}",2026-02-07 12:19:14
30012,30001,30001,MEAL,learning_item,30004,create,1,"{""input"": {""moduleSource"": ""cross_cutting"", ""projectId"": 1, ""status"": ""draft"", ""title"": ""Test Lesson Learned"", ""type"": ""lesson"", ""visibility"": ""internal""}}",2026-02-07 14:05:09
30013,30001,30001,MEAL,learning_item,30005,create,1,"{""input"": {""moduleSource"": ""survey"", ""projectId"": 1, ""status"": ""draft"", ""title"": ""To Update"", ""type"": ""best_practice"", ""visibility"": ""internal""}}",2026-02-07 14:05:09
30014,30001,30001,MEAL,learning_item,30005,update,1,"{""updates"": {""status"": ""published"", ""title"": ""Updated Title"", ""updatedBy"": 1}}",2026-02-07 14:05:09
30015,30001,30001,MEAL,learning_item,30006,create,1,"{""input"": {""moduleSource"": ""accountability"", ""projectId"": 1, ""status"": ""draft"", ""title"": ""To Delete"", ""type"": ""product"", ""visibility"": ""internal""}}",2026-02-07 14:05:09
30016,30001,30001,MEAL,learning_item,30006,delete,1,,2026-02-07 14:05:09
30017,30001,30001,MEAL,dqa_visit,30003,create,1,"{""input"": {""accurateCount"": 90, ""dataSource"": ""mixed"", ""discrepanciesCount"": 10, ""duplicatesCount"": 2, ""missingFieldsCount"": 5, ""projectId"": 1, ""recordsCheckedCount"": 100, ""status"": ""draft"", ""visitDate"": ""2026-02-07""}}",2026-02-07 14:05:10
30018,30001,30001,MEAL,dqa_visit,30004,create,1,"{""input"": {""accurateCount"": 40, ""dataSource"": ""survey"", ""discrepanciesCount"": 10, ""duplicatesCount"": 0, ""missingFieldsCount"": 0, ""projectId"": 1, ""recordsCheckedCount"": 50, ""status"": ""draft"", ""visitDate"": ""2026-02-07""}}",2026-02-07 14:05:10
30019,30001,30001,MEAL,indicator_template,30003,create,1,"{""input"": {""active"": true, ""calculationMethod"": ""numerator/denominator * 100"", ""code"": ""TST-001"", ""frequency"": ""monthly"", ""name"": ""Test Template"", ""unitOfMeasure"": ""%""}}",2026-02-07 14:05:10
30020,30001,30001,MEAL,survey_standard,30003,create,1,"{""input"": {""gpsRequired"": true, ""photoRequired"": false, ""standardName"": ""Test Standard""}}",2026-02-07 14:05:10
30021,30001,30001,MEAL,indicator_template,30004,create,1,"{""input"": {""active"": true, ""name"": ""To Delete Template""}}",2026-02-07 14:05:10
30022,30001,30001,MEAL,survey_standard,30004,create,1,"{""input"": {""gpsRequired"": false, ""photoRequired"": false, ""standardName"": ""To Delete Standard""}}",2026-02-07 14:05:10
30023,30001,30001,MEAL,learning_item,30007,create,1,"{""input"": {""moduleSource"": ""cross_cutting"", ""projectId"": 1, ""status"": ""draft"", ""title"": ""Test Lesson Learned"", ""type"": ""lesson"", ""visibility"": ""internal""}}",2026-02-07 14:05:33
30024,30001,30001,MEAL,learning_item,30008,create,1,"{""input"": {""moduleSource"": ""survey"", ""projectId"": 1, ""status"": ""draft"", ""title"": ""To Update"", ""type"": ""best_practice"", ""visibility"": ""internal""}}",2026-02-07 14:05:33
30025,30001,30001,MEAL,learning_item,30008,update,1,"{""updates"": {""status"": ""published"", ""title"": ""Updated Title"", ""updatedBy"": 1}}",2026-02-07 14:05:33
30026,30001,30001,MEAL,learning_item,30009,create,1,"{""input"": {""moduleSource"": ""accountability"", ""projectId"": 1, ""status"": ""draft"", ""title"": ""To Delete"", ""type"": ""product"", ""visibility"": ""internal""}}",2026-02-07 14:05:33
30027,30001,30001,MEAL,learning_item,30009,delete,1,,2026-02-07 14:05:33
30028,30001,30001,MEAL,dqa_visit,30005,create,1,"{""input"": {""accurateCount"": 90, ""dataSource"": ""mixed"", ""discrepanciesCount"": 10, ""duplicatesCount"": 2, ""missingFieldsCount"": 5, ""projectId"": 1, ""recordsCheckedCount"": 100, ""status"": ""draft"", ""visitDate"": ""2026-02-07""}}",2026-02-07 14:05:33
30029,30001,30001,MEAL,dqa_visit,30006,create,1,"{""input"": {""accurateCount"": 40, ""dataSource"": ""survey"", ""discrepanciesCount"": 10, ""duplicatesCount"": 0, ""missingFieldsCount"": 0, ""projectId"": 1, ""recordsCheckedCount"": 50, ""status"": ""draft"", ""visitDate"": ""2026-02-07""}}",2026-02-07 14:05:33
30030,30001,30001,MEAL,indicator_template,30005,create,1,"{""input"": {""active"": true, ""calculationMethod"": ""numerator/denominator * 100"", ""code"": ""TST-001"", ""frequency"": ""monthly"", ""name"": ""Test Template"", ""unitOfMeasure"": ""%""}}",2026-02-07 14:05:33
30031,30001,30001,MEAL,survey_standard,30005,create,1,"{""input"": {""gpsRequired"": true, ""photoRequired"": false, ""standardName"": ""Test Standard""}}",2026-02-07 14:05:33
30032,30001,30001,MEAL,indicator_template,30006,create,1,"{""input"": {""active"": true, ""name"": ""To Delete Template""}}",2026-02-07 14:05:33
30033,30001,30001,MEAL,survey_standard,30006,create,1,"{""input"": {""gpsRequired"": false, ""photoRequired"": false, ""standardName"": ""To Delete Standard""}}",2026-02-07 14:05:33
30034,30001,30001,MEAL,learning_item,30010,create,1,"{""input"": {""moduleSource"": ""cross_cutting"", ""projectId"": 1, ""status"": ""draft"", ""title"": ""Test Lesson Learned"", ""type"": ""lesson"", ""visibility"": ""internal""}}",2026-02-07 16:45:21
30035,30001,30001,MEAL,learning_item,30011,create,1,"{""input"": {""moduleSource"": ""survey"", ""projectId"": 1, ""status"": ""draft"", ""title"": ""To Update"", ""type"": ""best_practice"", ""visibility"": ""internal""}}",2026-02-07 16:45:21
30036,30001,30001,MEAL,learning_item,30011,update,1,"{""updates"": {""status"": ""published"", ""title"": ""Updated Title"", ""updatedBy"": 1}}",2026-02-07 16:45:21
30037,30001,30001,MEAL,learning_item,30012,create,1,"{""input"": {""moduleSource"": ""accountability"", ""projectId"": 1, ""status"": ""draft"", ""title"": ""To Delete"", ""type"": ""product"", ""visibility"": ""internal""}}",2026-02-07 16:45:21
30038,30001,30001,MEAL,learning_item,30012,delete,1,,2026-02-07 16:45:21
30039,30001,30001,MEAL,dqa_visit,30007,create,1,"{""input"": {""accurateCount"": 90, ""dataSource"": ""mixed"", ""discrepanciesCount"": 10, ""duplicatesCount"": 2, ""missingFieldsCount"": 5, ""projectId"": 1, ""recordsCheckedCount"": 100, ""status"": ""draft"", ""visitDate"": ""2026-02-07""}}",2026-02-07 16:45:21
30040,30001,30001,MEAL,dqa_visit,30008,create,1,"{""input"": {""accurateCount"": 40, ""dataSource"": ""survey"", ""discrepanciesCount"": 10, ""duplicatesCount"": 0, ""missingFieldsCount"": 0, ""projectId"": 1, ""recordsCheckedCount"": 50, ""status"": ""draft"", ""visitDate"": ""2026-02-07""}}",2026-02-07 16:45:22
30041,30001,30001,MEAL,indicator_template,30007,create,1,"{""input"": {""active"": true, ""calculationMethod"": ""numerator/denominator * 100"", ""code"": ""TST-001"", ""frequency"": ""monthly"", ""name"": ""Test Template"", ""unitOfMeasure"": ""%""}}",2026-02-07 16:45:22
30042,30001,30001,MEAL,survey_standard,30007,create,1,"{""input"": {""gpsRequired"": true, ""photoRequired"": false, ""standardName"": ""Test Standard""}}",2026-02-07 16:45:22
30043,30001,30001,MEAL,indicator_template,30008,create,1,"{""input"": {""active"": true, ""name"": ""To Delete Template""}}",2026-02-07 16:45:22
30044,30001,30001,MEAL,survey_standard,30008,create,1,"{""input"": {""gpsRequired"": false, ""photoRequired"": false, ""standardName"": ""To Delete Standard""}}",2026-02-07 16:45:22
30045,30001,30001,MEAL,learning_item,30013,create,1,"{""input"": {""moduleSource"": ""cross_cutting"", ""projectId"": 1, ""status"": ""draft"", ""title"": ""Test Lesson Learned"", ""type"": ""lesson"", ""visibility"": ""internal""}}",2026-02-07 16:45:46
30046,30001,30001,MEAL,learning_item,30014,create,1,"{""input"": {""moduleSource"": ""survey"", ""projectId"": 1, ""status"": ""draft"", ""title"": ""To Update"", ""type"": ""best_practice"", ""visibility"": ""internal""}}",2026-02-07 16:45:46
30047,30001,30001,MEAL,learning_item,30014,update,1,"{""updates"": {""status"": ""published"", ""title"": ""Updated Title"", ""updatedBy"": 1}}",2026-02-07 16:45:46
30048,30001,30001,MEAL,learning_item,30015,create,1,"{""input"": {""moduleSource"": ""accountability"", ""projectId"": 1, ""status"": ""draft"", ""title"": ""To Delete"", ""type"": ""product"", ""visibility"": ""internal""}}",2026-02-07 16:45:46
30049,30001,30001,MEAL,learning_item,30015,delete,1,,2026-02-07 16:45:46
30050,30001,30001,MEAL,dqa_visit,30009,create,1,"{""input"": {""accurateCount"": 90, ""dataSource"": ""mixed"", ""discrepanciesCount"": 10, ""duplicatesCount"": 2, ""missingFieldsCount"": 5, ""projectId"": 1, ""recordsCheckedCount"": 100, ""status"": ""draft"", ""visitDate"": ""2026-02-07""}}",2026-02-07 16:45:46
30051,30001,30001,MEAL,dqa_visit,30010,create,1,"{""input"": {""accurateCount"": 40, ""dataSource"": ""survey"", ""discrepanciesCount"": 10, ""duplicatesCount"": 0, ""missingFieldsCount"": 0, ""projectId"": 1, ""recordsCheckedCount"": 50, ""status"": ""draft"", ""visitDate"": ""2026-02-07""}}",2026-02-07 16:45:46
30052,30001,30001,MEAL,indicator_template,30009,create,1,"{""input"": {""active"": true, ""calculationMethod"": ""numerator/denominator * 100"", ""code"": ""TST-001"", ""frequency"": ""monthly"", ""name"": ""Test Template"", ""unitOfMeasure"": ""%""}}",2026-02-07 16:45:46
30053,30001,30001,MEAL,survey_standard,30009,create,1,"{""input"": {""gpsRequired"": true, ""photoRequired"": false, ""standardName"": ""Test Standard""}}",2026-02-07 16:45:46
30054,30001,30001,MEAL,indicator_template,30010,create,1,"{""input"": {""active"": true, ""name"": ""To Delete Template""}}",2026-02-07 16:45:46
30055,30001,30001,MEAL,survey_standard,30010,create,1,"{""input"": {""gpsRequired"": false, ""photoRequired"": false, ""standardName"": ""To Delete Standard""}}",2026-02-07 16:45:46
30056,30001,30001,MEAL,learning_item,30016,create,1,"{""input"": {""moduleSource"": ""cross_cutting"", ""projectId"": 1, ""status"": ""draft"", ""title"": ""Test Lesson Learned"", ""type"": ""lesson"", ""visibility"": ""internal""}}",2026-02-07 16:46:12
30057,30001,30001,MEAL,learning_item,30017,create,1,"{""input"": {""moduleSource"": ""survey"", ""projectId"": 1, ""status"": ""draft"", ""title"": ""To Update"", ""type"": ""best_practice"", ""visibility"": ""internal""}}",2026-02-07 16:46:12
30058,30001,30001,MEAL,learning_item,30017,update,1,"{""updates"": {""status"": ""published"", ""title"": ""Updated Title"", ""updatedBy"": 1}}",2026-02-07 16:46:12
30059,30001,30001,MEAL,learning_item,30018,create,1,"{""input"": {""moduleSource"": ""accountability"", ""projectId"": 1, ""status"": ""draft"", ""title"": ""To Delete"", ""type"": ""product"", ""visibility"": ""internal""}}",2026-02-07 16:46:12
30060,30001,30001,MEAL,learning_item,30018,delete,1,,2026-02-07 16:46:12
30061,30001,30001,MEAL,dqa_visit,30011,create,1,"{""input"": {""accurateCount"": 90, ""dataSource"": ""mixed"", ""discrepanciesCount"": 10, ""duplicatesCount"": 2, ""missingFieldsCount"": 5, ""projectId"": 1, ""recordsCheckedCount"": 100, ""status"": ""draft"", ""visitDate"": ""2026-02-07""}}",2026-02-07 16:46:12
30062,30001,30001,MEAL,dqa_visit,30012,create,1,"{""input"": {""accurateCount"": 40, ""dataSource"": ""survey"", ""discrepanciesCount"": 10, ""duplicatesCount"": 0, ""missingFieldsCount"": 0, ""projectId"": 1, ""recordsCheckedCount"": 50, ""status"": ""draft"", ""visitDate"": ""2026-02-07""}}",2026-02-07 16:46:12
30063,30001,30001,MEAL,indicator_template,30011,create,1,"{""input"": {""active"": true, ""calculationMethod"": ""numerator/denominator * 100"", ""code"": ""TST-001"", ""frequency"": ""monthly"", ""name"": ""Test Template"", ""unitOfMeasure"": ""%""}}",2026-02-07 16:46:12
30064,30001,30001,MEAL,survey_standard,30011,create,1,"{""input"": {""gpsRequired"": true, ""photoRequired"": false, ""standardName"": ""Test Standard""}}",2026-02-07 16:46:12
30065,30001,30001,MEAL,indicator_template,30012,create,1,"{""input"": {""active"": true, ""name"": ""To Delete Template""}}",2026-02-07 16:46:12
30066,30001,30001,MEAL,survey_standard,30012,create,1,"{""input"": {""gpsRequired"": false, ""photoRequired"": false, ""standardName"": ""To Delete Standard""}}",2026-02-07 16:46:12
30067,30001,30001,MEAL,learning_item,30019,create,1,"{""input"": {""moduleSource"": ""cross_cutting"", ""projectId"": 1, ""status"": ""draft"", ""title"": ""Test Lesson Learned"", ""type"": ""lesson"", ""visibility"": ""internal""}}",2026-02-07 16:46:37
30068,30001,30001,MEAL,learning_item,30020,create,1,"{""input"": {""moduleSource"": ""survey"", ""projectId"": 1, ""status"": ""draft"", ""title"": ""To Update"", ""type"": ""best_practice"", ""visibility"": ""internal""}}",2026-02-07 16:46:37
30069,30001,30001,MEAL,learning_item,30020,update,1,"{""updates"": {""status"": ""published"", ""title"": ""Updated Title"", ""updatedBy"": 1}}",2026-02-07 16:46:37
30070,30001,30001,MEAL,learning_item,30021,create,1,"{""input"": {""moduleSource"": ""accountability"", ""projectId"": 1, ""status"": ""draft"", ""title"": ""To Delete"", ""type"": ""product"", ""visibility"": ""internal""}}",2026-02-07 16:46:37
30071,30001,30001,MEAL,learning_item,30021,delete,1,,2026-02-07 16:46:37
30072,30001,30001,MEAL,dqa_visit,30013,create,1,"{""input"": {""accurateCount"": 90, ""dataSource"": ""mixed"", ""discrepanciesCount"": 10, ""duplicatesCount"": 2, ""missingFieldsCount"": 5, ""projectId"": 1, ""recordsCheckedCount"": 100, ""status"": ""draft"", ""visitDate"": ""2026-02-07""}}",2026-02-07 16:46:37
30073,30001,30001,MEAL,dqa_visit,30014,create,1,"{""input"": {""accurateCount"": 40, ""dataSource"": ""survey"", ""discrepanciesCount"": 10, ""duplicatesCount"": 0, ""missingFieldsCount"": 0, ""projectId"": 1, ""recordsCheckedCount"": 50, ""status"": ""draft"", ""visitDate"": ""2026-02-07""}}",2026-02-07 16:46:37
30074,30001,30001,MEAL,indicator_template,30013,create,1,"{""input"": {""active"": true, ""calculationMethod"": ""numerator/denominator * 100"", ""code"": ""TST-001"", ""frequency"": ""monthly"", ""name"": ""Test Template"", ""unitOfMeasure"": ""%""}}",2026-02-07 16:46:37
30075,30001,30001,MEAL,survey_standard,30013,create,1,"{""input"": {""gpsRequired"": true, ""photoRequired"": false, ""standardName"": ""Test Standard""}}",2026-02-07 16:46:38
30076,30001,30001,MEAL,indicator_template,30014,create,1,"{""input"": {""active"": true, ""name"": ""To Delete Template""}}",2026-02-07 16:46:38
30077,30001,30001,MEAL,survey_standard,30014,create,1,"{""input"": {""gpsRequired"": false, ""photoRequired"": false, ""standardName"": ""To Delete Standard""}}",2026-02-07 16:46:38
30078,30001,30001,MEAL,learning_item,30022,create,1,"{""input"": {""moduleSource"": ""cross_cutting"", ""projectId"": 1, ""status"": ""draft"", ""title"": ""Test Lesson Learned"", ""type"": ""lesson"", ""visibility"": ""internal""}}",2026-02-07 16:47:20
30079,30001,30001,MEAL,learning_item,30023,create,1,"{""input"": {""moduleSource"": ""survey"", ""projectId"": 1, ""status"": ""draft"", ""title"": ""To Update"", ""type"": ""best_practice"", ""visibility"": ""internal""}}",2026-02-07 16:47:20
30080,30001,30001,MEAL,learning_item,30023,update,1,"{""updates"": {""status"": ""published"", ""title"": ""Updated Title"", ""updatedBy"": 1}}",2026-02-07 16:47:20
30081,30001,30001,MEAL,learning_item,30024,create,1,"{""input"": {""moduleSource"": ""accountability"", ""projectId"": 1, ""status"": ""draft"", ""title"": ""To Delete"", ""type"": ""product"", ""visibility"": ""internal""}}",2026-02-07 16:47:20
30082,30001,30001,MEAL,learning_item,30024,delete,1,,2026-02-07 16:47:20
30083,30001,30001,MEAL,dqa_visit,30015,create,1,"{""input"": {""accurateCount"": 90, ""dataSource"": ""mixed"", ""discrepanciesCount"": 10, ""duplicatesCount"": 2, ""missingFieldsCount"": 5, ""projectId"": 1, ""recordsCheckedCount"": 100, ""status"": ""draft"", ""visitDate"": ""2026-02-07""}}",2026-02-07 16:47:20
30084,30001,30001,MEAL,dqa_visit,30016,create,1,"{""input"": {""accurateCount"": 40, ""dataSource"": ""survey"", ""discrepanciesCount"": 10, ""duplicatesCount"": 0, ""missingFieldsCount"": 0, ""projectId"": 1, ""recordsCheckedCount"": 50, ""status"": ""draft"", ""visitDate"": ""2026-02-07""}}",2026-02-07 16:47:20
30085,30001,30001,MEAL,indicator_template,30015,create,1,"{""input"": {""active"": true, ""calculationMethod"": ""numerator/denominator * 100"", ""code"": ""TST-001"", ""frequency"": ""monthly"", ""name"": ""Test Template"", ""unitOfMeasure"": ""%""}}",2026-02-07 16:47:20
30086,30001,30001,MEAL,survey_standard,30015,create,1,"{""input"": {""gpsRequired"": true, ""photoRequired"": false, ""standardName"": ""Test Standard""}}",2026-02-07 16:47:20
30087,30001,30001,MEAL,indicator_template,30016,create,1,"{""input"": {""active"": true, ""name"": ""To Delete Template""}}",2026-02-07 16:47:20
30088,30001,30001,MEAL,survey_standard,30016,create,1,"{""input"": {""gpsRequired"": false, ""photoRequired"": false, ""standardName"": ""To Delete Standard""}}",2026-02-07 16:47:20
30089,30001,30001,MEAL,learning_item,30025,create,1,"{""input"": {""moduleSource"": ""cross_cutting"", ""projectId"": 1, ""status"": ""draft"", ""title"": ""Test Lesson Learned"", ""type"": ""lesson"", ""visibility"": ""internal""}}",2026-02-07 16:47:47
30090,30001,30001,MEAL,learning_item,30026,create,1,"{""input"": {""moduleSource"": ""survey"", ""projectId"": 1, ""status"": ""draft"", ""title"": ""To Update"", ""type"": ""best_practice"", ""visibility"": ""internal""}}",2026-02-07 16:47:47
30091,30001,30001,MEAL,learning_item,30026,update,1,"{""updates"": {""status"": ""published"", ""title"": ""Updated Title"", ""updatedBy"": 1}}",2026-02-07 16:47:47
30092,30001,30001,MEAL,learning_item,30027,create,1,"{""input"": {""moduleSource"": ""accountability"", ""projectId"": 1, ""status"": ""draft"", ""title"": ""To Delete"", ""type"": ""product"", ""visibility"": ""internal""}}",2026-02-07 16:47:47
30093,30001,30001,MEAL,learning_item,30027,delete,1,,2026-02-07 16:47:47
30094,30001,30001,MEAL,dqa_visit,30017,create,1,"{""input"": {""accurateCount"": 90, ""dataSource"": ""mixed"", ""discrepanciesCount"": 10, ""duplicatesCount"": 2, ""missingFieldsCount"": 5, ""projectId"": 1, ""recordsCheckedCount"": 100, ""status"": ""draft"", ""visitDate"": ""2026-02-07""}}",2026-02-07 16:47:47
30095,30001,30001,MEAL,dqa_visit,30018,create,1,"{""input"": {""accurateCount"": 40, ""dataSource"": ""survey"", ""discrepanciesCount"": 10, ""duplicatesCount"": 0, ""missingFieldsCount"": 0, ""projectId"": 1, ""recordsCheckedCount"": 50, ""status"": ""draft"", ""visitDate"": ""2026-02-07""}}",2026-02-07 16:47:47
30096,30001,30001,MEAL,indicator_template,30017,create,1,"{""input"": {""active"": true, ""calculationMethod"": ""numerator/denominator * 100"", ""code"": ""TST-001"", ""frequency"": ""monthly"", ""name"": ""Test Template"", ""unitOfMeasure"": ""%""}}",2026-02-07 16:47:47
30097,30001,30001,MEAL,survey_standard,30017,create,1,"{""input"": {""gpsRequired"": true, ""photoRequired"": false, ""standardName"": ""Test Standard""}}",2026-02-07 16:47:47
30098,30001,30001,MEAL,indicator_template,30018,create,1,"{""input"": {""active"": true, ""name"": ""To Delete Template""}}",2026-02-07 16:47:47
30099,30001,30001,MEAL,survey_standard,30018,create,1,"{""input"": {""gpsRequired"": false, ""photoRequired"": false, ""standardName"": ""To Delete Standard""}}",2026-02-07 16:47:47
30100,30001,30001,MEAL,learning_item,30028,create,1,"{""input"": {""moduleSource"": ""cross_cutting"", ""projectId"": 1, ""status"": ""draft"", ""title"": ""Test Lesson Learned"", ""type"": ""lesson"", ""visibility"": ""internal""}}",2026-02-07 16:48:12
30101,30001,30001,MEAL,learning_item,30029,create,1,"{""input"": {""moduleSource"": ""survey"", ""projectId"": 1, ""status"": ""draft"", ""title"": ""To Update"", ""type"": ""best_practice"", ""visibility"": ""internal""}}",2026-02-07 16:48:12
30102,30001,30001,MEAL,learning_item,30029,update,1,"{""updates"": {""status"": ""published"", ""title"": ""Updated Title"", ""updatedBy"": 1}}",2026-02-07 16:48:12
30103,30001,30001,MEAL,learning_item,30030,create,1,"{""input"": {""moduleSource"": ""accountability"", ""projectId"": 1, ""status"": ""draft"", ""title"": ""To Delete"", ""type"": ""product"", ""visibility"": ""internal""}}",2026-02-07 16:48:12
30104,30001,30001,MEAL,learning_item,30030,delete,1,,2026-02-07 16:48:12
30105,30001,30001,MEAL,dqa_visit,30019,create,1,"{""input"": {""accurateCount"": 90, ""dataSource"": ""mixed"", ""discrepanciesCount"": 10, ""duplicatesCount"": 2, ""missingFieldsCount"": 5, ""projectId"": 1, ""recordsCheckedCount"": 100, ""status"": ""draft"", ""visitDate"": ""2026-02-07""}}",2026-02-07 16:48:12
30106,30001,30001,MEAL,dqa_visit,30020,create,1,"{""input"": {""accurateCount"": 40, ""dataSource"": ""survey"", ""discrepanciesCount"": 10, ""duplicatesCount"": 0, ""missingFieldsCount"": 0, ""projectId"": 1, ""recordsCheckedCount"": 50, ""status"": ""draft"", ""visitDate"": ""2026-02-07""}}",2026-02-07 16:48:12
30107,30001,30001,MEAL,indicator_template,30019,create,1,"{""input"": {""active"": true, ""calculationMethod"": ""numerator/denominator * 100"", ""code"": ""TST-001"", ""frequency"": ""monthly"", ""name"": ""Test Template"", ""unitOfMeasure"": ""%""}}",2026-02-07 16:48:12
30108,30001,30001,MEAL,survey_standard,30019,create,1,"{""input"": {""gpsRequired"": true, ""photoRequired"": false, ""standardName"": ""Test Standard""}}",2026-02-07 16:48:13
30109,30001,30001,MEAL,indicator_template,30020,create,1,"{""input"": {""active"": true, ""name"": ""To Delete Template""}}",2026-02-07 16:48:13
30110,30001,30001,MEAL,survey_standard,30020,create,1,"{""input"": {""gpsRequired"": false, ""photoRequired"": false, ""standardName"": ""To Delete Standard""}}",2026-02-07 16:48:13
30111,30001,30001,MEAL,learning_item,30031,create,1,"{""input"": {""moduleSource"": ""cross_cutting"", ""projectId"": 1, ""status"": ""draft"", ""title"": ""Test Lesson Learned"", ""type"": ""lesson"", ""visibility"": ""internal""}}",2026-02-07 16:49:19
30112,30001,30001,MEAL,learning_item,30032,create,1,"{""input"": {""moduleSource"": ""survey"", ""projectId"": 1, ""status"": ""draft"", ""title"": ""To Update"", ""type"": ""best_practice"", ""visibility"": ""internal""}}",2026-02-07 16:49:19
30113,30001,30001,MEAL,learning_item,30032,update,1,"{""updates"": {""status"": ""published"", ""title"": ""Updated Title"", ""updatedBy"": 1}}",2026-02-07 16:49:19
30114,30001,30001,MEAL,learning_item,30033,create,1,"{""input"": {""moduleSource"": ""accountability"", ""projectId"": 1, ""status"": ""draft"", ""title"": ""To Delete"", ""type"": ""product"", ""visibility"": ""internal""}}",2026-02-07 16:49:19
30115,30001,30001,MEAL,learning_item,30033,delete,1,,2026-02-07 16:49:19
30116,30001,30001,MEAL,dqa_visit,30021,create,1,"{""input"": {""accurateCount"": 90, ""dataSource"": ""mixed"", ""discrepanciesCount"": 10, ""duplicatesCount"": 2, ""missingFieldsCount"": 5, ""projectId"": 1, ""recordsCheckedCount"": 100, ""status"": ""draft"", ""visitDate"": ""2026-02-07""}}",2026-02-07 16:49:19
30117,30001,30001,MEAL,dqa_visit,30022,create,1,"{""input"": {""accurateCount"": 40, ""dataSource"": ""survey"", ""discrepanciesCount"": 10, ""duplicatesCount"": 0, ""missingFieldsCount"": 0, ""projectId"": 1, ""recordsCheckedCount"": 50, ""status"": ""draft"", ""visitDate"": ""2026-02-07""}}",2026-02-07 16:49:20
30118,30001,30001,MEAL,indicator_template,30021,create,1,"{""input"": {""active"": true, ""calculationMethod"": ""numerator/denominator * 100"", ""code"": ""TST-001"", ""frequency"": ""monthly"", ""name"": ""Test Template"", ""unitOfMeasure"": ""%""}}",2026-02-07 16:49:20
30119,30001,30001,MEAL,survey_standard,30021,create,1,"{""input"": {""gpsRequired"": true, ""photoRequired"": false, ""standardName"": ""Test Standard""}}",2026-02-07 16:49:20
30120,30001,30001,MEAL,indicator_template,30022,create,1,"{""input"": {""active"": true, ""name"": ""To Delete Template""}}",2026-02-07 16:49:20
30121,30001,30001,MEAL,survey_standard,30022,create,1,"{""input"": {""gpsRequired"": false, ""photoRequired"": false, ""standardName"": ""To Delete Standard""}}",2026-02-07 16:49:20
30122,30001,30001,MEAL,learning_item,30034,create,1,"{""input"": {""moduleSource"": ""cross_cutting"", ""projectId"": 1, ""status"": ""draft"", ""title"": ""Test Lesson Learned"", ""type"": ""lesson"", ""visibility"": ""internal""}}",2026-02-07 16:49:45
30123,30001,30001,MEAL,learning_item,30035,create,1,"{""input"": {""moduleSource"": ""survey"", ""projectId"": 1, ""status"": ""draft"", ""title"": ""To Update"", ""type"": ""best_practice"", ""visibility"": ""internal""}}",2026-02-07 16:49:45
30124,30001,30001,MEAL,learning_item,30035,update,1,"{""updates"": {""status"": ""published"", ""title"": ""Updated Title"", ""updatedBy"": 1}}",2026-02-07 16:49:45
30125,30001,30001,MEAL,learning_item,30036,create,1,"{""input"": {""moduleSource"": ""accountability"", ""projectId"": 1, ""status"": ""draft"", ""title"": ""To Delete"", ""type"": ""product"", ""visibility"": ""internal""}}",2026-02-07 16:49:45
30126,30001,30001,MEAL,learning_item,30036,delete,1,,2026-02-07 16:49:45
30127,30001,30001,MEAL,dqa_visit,30023,create,1,"{""input"": {""accurateCount"": 90, ""dataSource"": ""mixed"", ""discrepanciesCount"": 10, ""duplicatesCount"": 2, ""missingFieldsCount"": 5, ""projectId"": 1, ""recordsCheckedCount"": 100, ""status"": ""draft"", ""visitDate"": ""2026-02-07""}}",2026-02-07 16:49:45
30128,30001,30001,MEAL,dqa_visit,30024,create,1,"{""input"": {""accurateCount"": 40, ""dataSource"": ""survey"", ""discrepanciesCount"": 10, ""duplicatesCount"": 0, ""missingFieldsCount"": 0, ""projectId"": 1, ""recordsCheckedCount"": 50, ""status"": ""draft"", ""visitDate"": ""2026-02-07""}}",2026-02-07 16:49:45
30129,30001,30001,MEAL,indicator_template,30023,create,1,"{""input"": {""active"": true, ""calculationMethod"": ""numerator/denominator * 100"", ""code"": ""TST-001"", ""frequency"": ""monthly"", ""name"": ""Test Template"", ""unitOfMeasure"": ""%""}}",2026-02-07 16:49:45
30130,30001,30001,MEAL,survey_standard,30023,create,1,"{""input"": {""gpsRequired"": true, ""photoRequired"": false, ""standardName"": ""Test Standard""}}",2026-02-07 16:49:45
30131,30001,30001,MEAL,indicator_template,30024,create,1,"{""input"": {""active"": true, ""name"": ""To Delete Template""}}",2026-02-07 16:49:45
30132,30001,30001,MEAL,survey_standard,30024,create,1,"{""input"": {""gpsRequired"": false, ""photoRequired"": false, ""standardName"": ""To Delete Standard""}}",2026-02-07 16:49:45
30133,30001,30001,MEAL,learning_item,30037,create,1,"{""input"": {""moduleSource"": ""cross_cutting"", ""projectId"": 1, ""status"": ""draft"", ""title"": ""Test Lesson Learned"", ""type"": ""lesson"", ""visibility"": ""internal""}}",2026-02-07 16:50:10
30134,30001,30001,MEAL,learning_item,30038,create,1,"{""input"": {""moduleSource"": ""survey"", ""projectId"": 1, ""status"": ""draft"", ""title"": ""To Update"", ""type"": ""best_practice"", ""visibility"": ""internal""}}",2026-02-07 16:50:10
30135,30001,30001,MEAL,learning_item,30038,update,1,"{""updates"": {""status"": ""published"", ""title"": ""Updated Title"", ""updatedBy"": 1}}",2026-02-07 16:50:10
30136,30001,30001,MEAL,learning_item,30039,create,1,"{""input"": {""moduleSource"": ""accountability"", ""projectId"": 1, ""status"": ""draft"", ""title"": ""To Delete"", ""type"": ""product"", ""visibility"": ""internal""}}",2026-02-07 16:50:10
30137,30001,30001,MEAL,learning_item,30039,delete,1,,2026-02-07 16:50:10
30138,30001,30001,MEAL,dqa_visit,30025,create,1,"{""input"": {""accurateCount"": 90, ""dataSource"": ""mixed"", ""discrepanciesCount"": 10, ""duplicatesCount"": 2, ""missingFieldsCount"": 5, ""projectId"": 1, ""recordsCheckedCount"": 100, ""status"": ""draft"", ""visitDate"": ""2026-02-07""}}",2026-02-07 16:50:10
30139,30001,30001,MEAL,dqa_visit,30026,create,1,"{""input"": {""accurateCount"": 40, ""dataSource"": ""survey"", ""discrepanciesCount"": 10, ""duplicatesCount"": 0, ""missingFieldsCount"": 0, ""projectId"": 1, ""recordsCheckedCount"": 50, ""status"": ""draft"", ""visitDate"": ""2026-02-07""}}",2026-02-07 16:50:10
30140,30001,30001,MEAL,indicator_template,30025,create,1,"{""input"": {""active"": true, ""calculationMethod"": ""numerator/denominator * 100"", ""code"": ""TST-001"", ""frequency"": ""monthly"", ""name"": ""Test Template"", ""unitOfMeasure"": ""%""}}",2026-02-07 16:50:10
30141,30001,30001,MEAL,survey_standard,30025,create,1,"{""input"": {""gpsRequired"": true, ""photoRequired"": false, ""standardName"": ""Test Standard""}}",2026-02-07 16:50:10
30142,30001,30001,MEAL,indicator_template,30026,create,1,"{""input"": {""active"": true, ""name"": ""To Delete Template""}}",2026-02-07 16:50:10
30143,30001,30001,MEAL,survey_standard,30026,create,1,"{""input"": {""gpsRequired"": false, ""photoRequired"": false, ""standardName"": ""To Delete Standard""}}",2026-02-07 16:50:10
30144,30001,30001,MEAL,learning_item,30040,create,1,"{""input"": {""moduleSource"": ""cross_cutting"", ""projectId"": 1, ""status"": ""draft"", ""title"": ""Test Lesson Learned"", ""type"": ""lesson"", ""visibility"": ""internal""}}",2026-02-07 17:07:00
30145,30001,30001,MEAL,learning_item,30041,create,1,"{""input"": {""moduleSource"": ""survey"", ""projectId"": 1, ""status"": ""draft"", ""title"": ""To Update"", ""type"": ""best_practice"", ""visibility"": ""internal""}}",2026-02-07 17:07:00
30146,30001,30001,MEAL,learning_item,30041,update,1,"{""updates"": {""status"": ""published"", ""title"": ""Updated Title"", ""updatedBy"": 1}}",2026-02-07 17:07:00
30147,30001,30001,MEAL,learning_item,30042,create,1,"{""input"": {""moduleSource"": ""accountability"", ""projectId"": 1, ""status"": ""draft"", ""title"": ""To Delete"", ""type"": ""product"", ""visibility"": ""internal""}}",2026-02-07 17:07:00
30148,30001,30001,MEAL,learning_item,30042,delete,1,,2026-02-07 17:07:00
30149,30001,30001,MEAL,dqa_visit,30027,create,1,"{""input"": {""accurateCount"": 90, ""dataSource"": ""mixed"", ""discrepanciesCount"": 10, ""duplicatesCount"": 2, ""missingFieldsCount"": 5, ""projectId"": 1, ""recordsCheckedCount"": 100, ""status"": ""draft"", ""visitDate"": ""2026-02-07""}}",2026-02-07 17:07:00
30150,30001,30001,MEAL,dqa_visit,30028,create,1,"{""input"": {""accurateCount"": 40, ""dataSource"": ""survey"", ""discrepanciesCount"": 10, ""duplicatesCount"": 0, ""missingFieldsCount"": 0, ""projectId"": 1, ""recordsCheckedCount"": 50, ""status"": ""draft"", ""visitDate"": ""2026-02-07""}}",2026-02-07 17:07:00
30151,30001,30001,MEAL,indicator_template,30027,create,1,"{""input"": {""active"": true, ""calculationMethod"": ""numerator/denominator * 100"", ""code"": ""TST-001"", ""frequency"": ""monthly"", ""name"": ""Test Template"", ""unitOfMeasure"": ""%""}}",2026-02-07 17:07:00
30152,30001,30001,MEAL,survey_standard,30027,create,1,"{""input"": {""gpsRequired"": true, ""photoRequired"": false, ""standardName"": ""Test Standard""}}",2026-02-07 17:07:00
30153,30001,30001,MEAL,indicator_template,30028,create,1,"{""input"": {""active"": true, ""name"": ""To Delete Template""}}",2026-02-07 17:07:00
30154,30001,30001,MEAL,survey_standard,30028,create,1,"{""input"": {""gpsRequired"": false, ""photoRequired"": false, ""standardName"": ""To Delete Standard""}}",2026-02-07 17:07:00
30155,30001,30001,MEAL,learning_item,30043,create,1,"{""input"": {""moduleSource"": ""cross_cutting"", ""projectId"": 1, ""status"": ""draft"", ""title"": ""Test Lesson Learned"", ""type"": ""lesson"", ""visibility"": ""internal""}}",2026-02-07 17:07:24
30156,30001,30001,MEAL,learning_item,30044,create,1,"{""input"": {""moduleSource"": ""survey"", ""projectId"": 1, ""status"": ""draft"", ""title"": ""To Update"", ""type"": ""best_practice"", ""visibility"": ""internal""}}",2026-02-07 17:07:24
30157,30001,30001,MEAL,learning_item,30044,update,1,"{""updates"": {""status"": ""published"", ""title"": ""Updated Title"", ""updatedBy"": 1}}",2026-02-07 17:07:24
30158,30001,30001,MEAL,learning_item,30045,create,1,"{""input"": {""moduleSource"": ""accountability"", ""projectId"": 1, ""status"": ""draft"", ""title"": ""To Delete"", ""type"": ""product"", ""visibility"": ""internal""}}",2026-02-07 17:07:24
30159,30001,30001,MEAL,learning_item,30045,delete,1,,2026-02-07 17:07:24
30160,30001,30001,MEAL,dqa_visit,30029,create,1,"{""input"": {""accurateCount"": 90, ""dataSource"": ""mixed"", ""discrepanciesCount"": 10, ""duplicatesCount"": 2, ""missingFieldsCount"": 5, ""projectId"": 1, ""recordsCheckedCount"": 100, ""status"": ""draft"", ""visitDate"": ""2026-02-07""}}",2026-02-07 17:07:24
30161,30001,30001,MEAL,dqa_visit,30030,create,1,"{""input"": {""accurateCount"": 40, ""dataSource"": ""survey"", ""discrepanciesCount"": 10, ""duplicatesCount"": 0, ""missingFieldsCount"": 0, ""projectId"": 1, ""recordsCheckedCount"": 50, ""status"": ""draft"", ""visitDate"": ""2026-02-07""}}",2026-02-07 17:07:24
30162,30001,30001,MEAL,indicator_template,30029,create,1,"{""input"": {""active"": true, ""calculationMethod"": ""numerator/denominator * 100"", ""code"": ""TST-001"", ""frequency"": ""monthly"", ""name"": ""Test Template"", ""unitOfMeasure"": ""%""}}",2026-02-07 17:07:24
30163,30001,30001,MEAL,survey_standard,30029,create,1,"{""input"": {""gpsRequired"": true, ""photoRequired"": false, ""standardName"": ""Test Standard""}}",2026-02-07 17:07:24
30164,30001,30001,MEAL,indicator_template,30030,create,1,"{""input"": {""active"": true, ""name"": ""To Delete Template""}}",2026-02-07 17:07:24
30165,30001,30001,MEAL,survey_standard,30030,create,1,"{""input"": {""gpsRequired"": false, ""photoRequired"": false, ""standardName"": ""To Delete Standard""}}",2026-02-07 17:07:24
30166,30001,30001,MEAL,learning_item,30046,create,1,"{""input"": {""moduleSource"": ""cross_cutting"", ""projectId"": 1, ""status"": ""draft"", ""title"": ""Test Lesson Learned"", ""type"": ""lesson"", ""visibility"": ""internal""}}",2026-02-07 17:07:49
30167,30001,30001,MEAL,learning_item,30047,create,1,"{""input"": {""moduleSource"": ""survey"", ""projectId"": 1, ""status"": ""draft"", ""title"": ""To Update"", ""type"": ""best_practice"", ""visibility"": ""internal""}}",2026-02-07 17:07:49
30168,30001,30001,MEAL,learning_item,30047,update,1,"{""updates"": {""status"": ""published"", ""title"": ""Updated Title"", ""updatedBy"": 1}}",2026-02-07 17:07:49
30169,30001,30001,MEAL,learning_item,30048,create,1,"{""input"": {""moduleSource"": ""accountability"", ""projectId"": 1, ""status"": ""draft"", ""title"": ""To Delete"", ""type"": ""product"", ""visibility"": ""internal""}}",2026-02-07 17:07:49
30170,30001,30001,MEAL,learning_item,30048,delete,1,,2026-02-07 17:07:49
30171,30001,30001,MEAL,dqa_visit,30031,create,1,"{""input"": {""accurateCount"": 90, ""dataSource"": ""mixed"", ""discrepanciesCount"": 10, ""duplicatesCount"": 2, ""missingFieldsCount"": 5, ""projectId"": 1, ""recordsCheckedCount"": 100, ""status"": ""draft"", ""visitDate"": ""2026-02-07""}}",2026-02-07 17:07:49
30172,30001,30001,MEAL,dqa_visit,30032,create,1,"{""input"": {""accurateCount"": 40, ""dataSource"": ""survey"", ""discrepanciesCount"": 10, ""duplicatesCount"": 0, ""missingFieldsCount"": 0, ""projectId"": 1, ""recordsCheckedCount"": 50, ""status"": ""draft"", ""visitDate"": ""2026-02-07""}}",2026-02-07 17:07:49
30173,30001,30001,MEAL,indicator_template,30031,create,1,"{""input"": {""active"": true, ""calculationMethod"": ""numerator/denominator * 100"", ""code"": ""TST-001"", ""frequency"": ""monthly"", ""name"": ""Test Template"", ""unitOfMeasure"": ""%""}}",2026-02-07 17:07:49
30174,30001,30001,MEAL,survey_standard,30031,create,1,"{""input"": {""gpsRequired"": true, ""photoRequired"": false, ""standardName"": ""Test Standard""}}",2026-02-07 17:07:49
30175,30001,30001,MEAL,indicator_template,30032,create,1,"{""input"": {""active"": true, ""name"": ""To Delete Template""}}",2026-02-07 17:07:49
30176,30001,30001,MEAL,survey_standard,30032,create,1,"{""input"": {""gpsRequired"": false, ""photoRequired"": false, ""standardName"": ""To Delete Standard""}}",2026-02-07 17:07:49
30177,30001,30001,MEAL,learning_item,30049,create,1,"{""input"": {""moduleSource"": ""cross_cutting"", ""projectId"": 1, ""status"": ""draft"", ""title"": ""Test Lesson Learned"", ""type"": ""lesson"", ""visibility"": ""internal""}}",2026-02-07 17:08:13
30178,30001,30001,MEAL,learning_item,30050,create,1,"{""input"": {""moduleSource"": ""survey"", ""projectId"": 1, ""status"": ""draft"", ""title"": ""To Update"", ""type"": ""best_practice"", ""visibility"": ""internal""}}",2026-02-07 17:08:13
30179,30001,30001,MEAL,learning_item,30050,update,1,"{""updates"": {""status"": ""published"", ""title"": ""Updated Title"", ""updatedBy"": 1}}",2026-02-07 17:08:14
30180,30001,30001,MEAL,learning_item,30051,create,1,"{""input"": {""moduleSource"": ""accountability"", ""projectId"": 1, ""status"": ""draft"", ""title"": ""To Delete"", ""type"": ""product"", ""visibility"": ""internal""}}",2026-02-07 17:08:14
30181,30001,30001,MEAL,learning_item,30051,delete,1,,2026-02-07 17:08:14
30182,30001,30001,MEAL,dqa_visit,30033,create,1,"{""input"": {""accurateCount"": 90, ""dataSource"": ""mixed"", ""discrepanciesCount"": 10, ""duplicatesCount"": 2, ""missingFieldsCount"": 5, ""projectId"": 1, ""recordsCheckedCount"": 100, ""status"": ""draft"", ""visitDate"": ""2026-02-07""}}",2026-02-07 17:08:14
30183,30001,30001,MEAL,dqa_visit,30034,create,1,"{""input"": {""accurateCount"": 40, ""dataSource"": ""survey"", ""discrepanciesCount"": 10, ""duplicatesCount"": 0, ""missingFieldsCount"": 0, ""projectId"": 1, ""recordsCheckedCount"": 50, ""status"": ""draft"", ""visitDate"": ""2026-02-07""}}",2026-02-07 17:08:14
30184,30001,30001,MEAL,indicator_template,30033,create,1,"{""input"": {""active"": true, ""calculationMethod"": ""numerator/denominator * 100"", ""code"": ""TST-001"", ""frequency"": ""monthly"", ""name"": ""Test Template"", ""unitOfMeasure"": ""%""}}",2026-02-07 17:08:14
30185,30001,30001,MEAL,survey_standard,30033,create,1,"{""input"": {""gpsRequired"": true, ""photoRequired"": false, ""standardName"": ""Test Standard""}}",2026-02-07 17:08:14
30186,30001,30001,MEAL,indicator_template,30034,create,1,"{""input"": {""active"": true, ""name"": ""To Delete Template""}}",2026-02-07 17:08:14
30187,30001,30001,MEAL,survey_standard,30034,create,1,"{""input"": {""gpsRequired"": false, ""photoRequired"": false, ""standardName"": ""To Delete Standard""}}",2026-02-07 17:08:14
30188,30001,30001,MEAL,learning_item,30052,create,1,"{""input"": {""moduleSource"": ""cross_cutting"", ""projectId"": 1, ""status"": ""draft"", ""title"": ""Test Lesson Learned"", ""type"": ""lesson"", ""visibility"": ""internal""}}",2026-02-07 17:08:57
30189,30001,30001,MEAL,learning_item,30053,create,1,"{""input"": {""moduleSource"": ""survey"", ""projectId"": 1, ""status"": ""draft"", ""title"": ""To Update"", ""type"": ""best_practice"", ""visibility"": ""internal""}}",2026-02-07 17:08:57
30190,30001,30001,MEAL,learning_item,30053,update,1,"{""updates"": {""status"": ""published"", ""title"": ""Updated Title"", ""updatedBy"": 1}}",2026-02-07 17:08:57
30191,30001,30001,MEAL,learning_item,30054,create,1,"{""input"": {""moduleSource"": ""accountability"", ""projectId"": 1, ""status"": ""draft"", ""title"": ""To Delete"", ""type"": ""product"", ""visibility"": ""internal""}}",2026-02-07 17:08:57
30192,30001,30001,MEAL,learning_item,30054,delete,1,,2026-02-07 17:08:57
30193,30001,30001,MEAL,dqa_visit,30035,create,1,"{""input"": {""accurateCount"": 90, ""dataSource"": ""mixed"", ""discrepanciesCount"": 10, ""duplicatesCount"": 2, ""missingFieldsCount"": 5, ""projectId"": 1, ""recordsCheckedCount"": 100, ""status"": ""draft"", ""visitDate"": ""2026-02-07""}}",2026-02-07 17:08:57
30194,30001,30001,MEAL,dqa_visit,30036,create,1,"{""input"": {""accurateCount"": 40, ""dataSource"": ""survey"", ""discrepanciesCount"": 10, ""duplicatesCount"": 0, ""missingFieldsCount"": 0, ""projectId"": 1, ""recordsCheckedCount"": 50, ""status"": ""draft"", ""visitDate"": ""2026-02-07""}}",2026-02-07 17:08:57
30195,30001,30001,MEAL,indicator_template,30035,create,1,"{""input"": {""active"": true, ""calculationMethod"": ""numerator/denominator * 100"", ""code"": ""TST-001"", ""frequency"": ""monthly"", ""name"": ""Test Template"", ""unitOfMeasure"": ""%""}}",2026-02-07 17:08:57
30196,30001,30001,MEAL,survey_standard,30035,create,1,"{""input"": {""gpsRequired"": true, ""photoRequired"": false, ""standardName"": ""Test Standard""}}",2026-02-07 17:08:57
30197,30001,30001,MEAL,indicator_template,30036,create,1,"{""input"": {""active"": true, ""name"": ""To Delete Template""}}",2026-02-07 17:08:57
30198,30001,30001,MEAL,survey_standard,30036,create,1,"{""input"": {""gpsRequired"": false, ""photoRequired"": false, ""standardName"": ""To Delete Standard""}}",2026-02-07 17:08:57
30199,30001,30001,MEAL,learning_item,30055,create,1,"{""input"": {""moduleSource"": ""cross_cutting"", ""projectId"": 1, ""status"": ""draft"", ""title"": ""Test Lesson Learned"", ""type"": ""lesson"", ""visibility"": ""internal""}}",2026-02-07 17:09:23
30200,30001,30001,MEAL,learning_item,30056,create,1,"{""input"": {""moduleSource"": ""survey"", ""projectId"": 1, ""status"": ""draft"", ""title"": ""To Update"", ""type"": ""best_practice"", ""visibility"": ""internal""}}",2026-02-07 17:09:23
30201,30001,30001,MEAL,learning_item,30056,update,1,"{""updates"": {""status"": ""published"", ""title"": ""Updated Title"", ""updatedBy"": 1}}",2026-02-07 17:09:23
30202,30001,30001,MEAL,learning_item,30057,create,1,"{""input"": {""moduleSource"": ""accountability"", ""projectId"": 1, ""status"": ""draft"", ""title"": ""To Delete"", ""type"": ""product"", ""visibility"": ""internal""}}",2026-02-07 17:09:23
30203,30001,30001,MEAL,learning_item,30057,delete,1,,2026-02-07 17:09:23
30204,30001,30001,MEAL,dqa_visit,30037,create,1,"{""input"": {""accurateCount"": 90, ""dataSource"": ""mixed"", ""discrepanciesCount"": 10, ""duplicatesCount"": 2, ""missingFieldsCount"": 5, ""projectId"": 1, ""recordsCheckedCount"": 100, ""status"": ""draft"", ""visitDate"": ""2026-02-07""}}",2026-02-07 17:09:23
30205,30001,30001,MEAL,dqa_visit,30038,create,1,"{""input"": {""accurateCount"": 40, ""dataSource"": ""survey"", ""discrepanciesCount"": 10, ""duplicatesCount"": 0, ""missingFieldsCount"": 0, ""projectId"": 1, ""recordsCheckedCount"": 50, ""status"": ""draft"", ""visitDate"": ""2026-02-07""}}",2026-02-07 17:09:23
30206,30001,30001,MEAL,indicator_template,30037,create,1,"{""input"": {""active"": true, ""calculationMethod"": ""numerator/denominator * 100"", ""code"": ""TST-001"", ""frequency"": ""monthly"", ""name"": ""Test Template"", ""unitOfMeasure"": ""%""}}",2026-02-07 17:09:23
30207,30001,30001,MEAL,survey_standard,30037,create,1,"{""input"": {""gpsRequired"": true, ""photoRequired"": false, ""standardName"": ""Test Standard""}}",2026-02-07 17:09:23
30208,30001,30001,MEAL,indicator_template,30038,create,1,"{""input"": {""active"": true, ""name"": ""To Delete Template""}}",2026-02-07 17:09:23
30209,30001,30001,MEAL,survey_standard,30038,create,1,"{""input"": {""gpsRequired"": false, ""photoRequired"": false, ""standardName"": ""To Delete Standard""}}",2026-02-07 17:09:24
30210,30001,30001,MEAL,learning_item,30058,create,1,"{""input"": {""moduleSource"": ""cross_cutting"", ""projectId"": 1, ""status"": ""draft"", ""title"": ""Test Lesson Learned"", ""type"": ""lesson"", ""visibility"": ""internal""}}",2026-02-07 17:28:58
30211,30001,30001,MEAL,learning_item,30059,create,1,"{""input"": {""moduleSource"": ""survey"", ""projectId"": 1, ""status"": ""draft"", ""title"": ""To Update"", ""type"": ""best_practice"", ""visibility"": ""internal""}}",2026-02-07 17:28:58
30212,30001,30001,MEAL,learning_item,30059,update,1,"{""updates"": {""status"": ""published"", ""title"": ""Updated Title"", ""updatedBy"": 1}}",2026-02-07 17:28:58
30213,30001,30001,MEAL,learning_item,30060,create,1,"{""input"": {""moduleSource"": ""accountability"", ""projectId"": 1, ""status"": ""draft"", ""title"": ""To Delete"", ""type"": ""product"", ""visibility"": ""internal""}}",2026-02-07 17:28:58
30214,30001,30001,MEAL,learning_item,30060,delete,1,,2026-02-07 17:28:58
30215,30001,30001,MEAL,dqa_visit,30039,create,1,"{""input"": {""accurateCount"": 90, ""dataSource"": ""mixed"", ""discrepanciesCount"": 10, ""duplicatesCount"": 2, ""missingFieldsCount"": 5, ""projectId"": 1, ""recordsCheckedCount"": 100, ""status"": ""draft"", ""visitDate"": ""2026-02-07""}}",2026-02-07 17:28:58
30216,30001,30001,MEAL,dqa_visit,30040,create,1,"{""input"": {""accurateCount"": 40, ""dataSource"": ""survey"", ""discrepanciesCount"": 10, ""duplicatesCount"": 0, ""missingFieldsCount"": 0, ""projectId"": 1, ""recordsCheckedCount"": 50, ""status"": ""draft"", ""visitDate"": ""2026-02-07""}}",2026-02-07 17:28:58
30217,30001,30001,MEAL,indicator_template,30039,create,1,"{""input"": {""active"": true, ""calculationMethod"": ""numerator/denominator * 100"", ""code"": ""TST-001"", ""frequency"": ""monthly"", ""name"": ""Test Template"", ""unitOfMeasure"": ""%""}}",2026-02-07 17:28:58
30218,30001,30001,MEAL,survey_standard,30039,create,1,"{""input"": {""gpsRequired"": true, ""photoRequired"": false, ""standardName"": ""Test Standard""}}",2026-02-07 17:28:58
30219,30001,30001,MEAL,indicator_template,30040,create,1,"{""input"": {""active"": true, ""name"": ""To Delete Template""}}",2026-02-07 17:28:58
30220,30001,30001,MEAL,survey_standard,30040,create,1,"{""input"": {""gpsRequired"": false, ""photoRequired"": false, ""standardName"": ""To Delete Standard""}}",2026-02-07 17:28:59
30221,30001,30001,MEAL,learning_item,30061,create,1,"{""input"": {""moduleSource"": ""cross_cutting"", ""projectId"": 1, ""status"": ""draft"", ""title"": ""Test Lesson Learned"", ""type"": ""lesson"", ""visibility"": ""internal""}}",2026-02-07 17:29:31
30222,30001,30001,MEAL,learning_item,30062,create,1,"{""input"": {""moduleSource"": ""survey"", ""projectId"": 1, ""status"": ""draft"", ""title"": ""To Update"", ""type"": ""best_practice"", ""visibility"": ""internal""}}",2026-02-07 17:29:31
30223,30001,30001,MEAL,learning_item,30062,update,1,"{""updates"": {""status"": ""published"", ""title"": ""Updated Title"", ""updatedBy"": 1}}",2026-02-07 17:29:31
30224,30001,30001,MEAL,learning_item,30063,create,1,"{""input"": {""moduleSource"": ""accountability"", ""projectId"": 1, ""status"": ""draft"", ""title"": ""To Delete"", ""type"": ""product"", ""visibility"": ""internal""}}",2026-02-07 17:29:31
30225,30001,30001,MEAL,learning_item,30063,delete,1,,2026-02-07 17:29:31
30226,30001,30001,MEAL,dqa_visit,30041,create,1,"{""input"": {""accurateCount"": 90, ""dataSource"": ""mixed"", ""discrepanciesCount"": 10, ""duplicatesCount"": 2, ""missingFieldsCount"": 5, ""projectId"": 1, ""recordsCheckedCount"": 100, ""status"": ""draft"", ""visitDate"": ""2026-02-07""}}",2026-02-07 17:29:31
30227,30001,30001,MEAL,dqa_visit,30042,create,1,"{""input"": {""accurateCount"": 40, ""dataSource"": ""survey"", ""discrepanciesCount"": 10, ""duplicatesCount"": 0, ""missingFieldsCount"": 0, ""projectId"": 1, ""recordsCheckedCount"": 50, ""status"": ""draft"", ""visitDate"": ""2026-02-07""}}",2026-02-07 17:29:31
30228,30001,30001,MEAL,indicator_template,30041,create,1,"{""input"": {""active"": true, ""calculationMethod"": ""numerator/denominator * 100"", ""code"": ""TST-001"", ""frequency"": ""monthly"", ""name"": ""Test Template"", ""unitOfMeasure"": ""%""}}",2026-02-07 17:29:31
30229,30001,30001,MEAL,survey_standard,30041,create,1,"{""input"": {""gpsRequired"": true, ""photoRequired"": false, ""standardName"": ""Test Standard""}}",2026-02-07 17:29:31
30230,30001,30001,MEAL,indicator_template,30042,create,1,"{""input"": {""active"": true, ""name"": ""To Delete Template""}}",2026-02-07 17:29:31
30231,30001,30001,MEAL,survey_standard,30042,create,1,"{""input"": {""gpsRequired"": false, ""photoRequired"": false, ""standardName"": ""To Delete Standard""}}",2026-02-07 17:29:31
30232,30001,30001,MEAL,learning_item,30064,create,1,"{""input"": {""moduleSource"": ""cross_cutting"", ""projectId"": 1, ""status"": ""draft"", ""title"": ""Test Lesson Learned"", ""type"": ""lesson"", ""visibility"": ""internal""}}",2026-02-07 17:30:02
30233,30001,30001,MEAL,learning_item,30065,create,1,"{""input"": {""moduleSource"": ""survey"", ""projectId"": 1, ""status"": ""draft"", ""title"": ""To Update"", ""type"": ""best_practice"", ""visibility"": ""internal""}}",2026-02-07 17:30:02
30234,30001,30001,MEAL,learning_item,30065,update,1,"{""updates"": {""status"": ""published"", ""title"": ""Updated Title"", ""updatedBy"": 1}}",2026-02-07 17:30:02
30235,30001,30001,MEAL,learning_item,30066,create,1,"{""input"": {""moduleSource"": ""accountability"", ""projectId"": 1, ""status"": ""draft"", ""title"": ""To Delete"", ""type"": ""product"", ""visibility"": ""internal""}}",2026-02-07 17:30:02
30236,30001,30001,MEAL,learning_item,30066,delete,1,,2026-02-07 17:30:02
30237,30001,30001,MEAL,dqa_visit,30043,create,1,"{""input"": {""accurateCount"": 90, ""dataSource"": ""mixed"", ""discrepanciesCount"": 10, ""duplicatesCount"": 2, ""missingFieldsCount"": 5, ""projectId"": 1, ""recordsCheckedCount"": 100, ""status"": ""draft"", ""visitDate"": ""2026-02-07""}}",2026-02-07 17:30:02
30238,30001,30001,MEAL,dqa_visit,30044,create,1,"{""input"": {""accurateCount"": 40, ""dataSource"": ""survey"", ""discrepanciesCount"": 10, ""duplicatesCount"": 0, ""missingFieldsCount"": 0, ""projectId"": 1, ""recordsCheckedCount"": 50, ""status"": ""draft"", ""visitDate"": ""2026-02-07""}}",2026-02-07 17:30:02
30239,30001,30001,MEAL,indicator_template,30043,create,1,"{""input"": {""active"": true, ""calculationMethod"": ""numerator/denominator * 100"", ""code"": ""TST-001"", ""frequency"": ""monthly"", ""name"": ""Test Template"", ""unitOfMeasure"": ""%""}}",2026-02-07 17:30:02
30240,30001,30001,MEAL,survey_standard,30043,create,1,"{""input"": {""gpsRequired"": true, ""photoRequired"": false, ""standardName"": ""Test Standard""}}",2026-02-07 17:30:02
30241,30001,30001,MEAL,indicator_template,30044,create,1,"{""input"": {""active"": true, ""name"": ""To Delete Template""}}",2026-02-07 17:30:02
30242,30001,30001,MEAL,survey_standard,30044,create,1,"{""input"": {""gpsRequired"": false, ""photoRequired"": false, ""standardName"": ""To Delete Standard""}}",2026-02-07 17:30:02
30243,30001,30001,MEAL,learning_item,30067,create,1,"{""input"": {""moduleSource"": ""cross_cutting"", ""projectId"": 1, ""status"": ""draft"", ""title"": ""Test Lesson Learned"", ""type"": ""lesson"", ""visibility"": ""internal""}}",2026-02-07 17:42:05
30244,30001,30001,MEAL,learning_item,30068,create,1,"{""input"": {""moduleSource"": ""survey"", ""projectId"": 1, ""status"": ""draft"", ""title"": ""To Update"", ""type"": ""best_practice"", ""visibility"": ""internal""}}",2026-02-07 17:42:05
30245,30001,30001,MEAL,learning_item,30068,update,1,"{""updates"": {""status"": ""published"", ""title"": ""Updated Title"", ""updatedBy"": 1}}",2026-02-07 17:42:05
30246,30001,30001,MEAL,learning_item,30069,create,1,"{""input"": {""moduleSource"": ""accountability"", ""projectId"": 1, ""status"": ""draft"", ""title"": ""To Delete"", ""type"": ""product"", ""visibility"": ""internal""}}",2026-02-07 17:42:05
30247,30001,30001,MEAL,learning_item,30069,delete,1,,2026-02-07 17:42:05
30248,30001,30001,MEAL,dqa_visit,30045,create,1,"{""input"": {""accurateCount"": 90, ""dataSource"": ""mixed"", ""discrepanciesCount"": 10, ""duplicatesCount"": 2, ""missingFieldsCount"": 5, ""projectId"": 1, ""recordsCheckedCount"": 100, ""status"": ""draft"", ""visitDate"": ""2026-02-07""}}",2026-02-07 17:42:06
30249,30001,30001,MEAL,dqa_visit,30046,create,1,"{""input"": {""accurateCount"": 40, ""dataSource"": ""survey"", ""discrepanciesCount"": 10, ""duplicatesCount"": 0, ""missingFieldsCount"": 0, ""projectId"": 1, ""recordsCheckedCount"": 50, ""status"": ""draft"", ""visitDate"": ""2026-02-07""}}",2026-02-07 17:42:06
30250,30001,30001,MEAL,indicator_template,30045,create,1,"{""input"": {""active"": true, ""calculationMethod"": ""numerator/denominator * 100"", ""code"": ""TST-001"", ""frequency"": ""monthly"", ""name"": ""Test Template"", ""unitOfMeasure"": ""%""}}",2026-02-07 17:42:06
30251,30001,30001,MEAL,survey_standard,30045,create,1,"{""input"": {""gpsRequired"": true, ""photoRequired"": false, ""standardName"": ""Test Standard""}}",2026-02-07 17:42:06
30252,30001,30001,MEAL,indicator_template,30046,create,1,"{""input"": {""active"": true, ""name"": ""To Delete Template""}}",2026-02-07 17:42:06
30253,30001,30001,MEAL,survey_standard,30046,create,1,"{""input"": {""gpsRequired"": false, ""photoRequired"": false, ""standardName"": ""To Delete Standard""}}",2026-02-07 17:42:06
30254,30001,30001,MEAL,learning_item,30070,create,1,"{""input"": {""moduleSource"": ""cross_cutting"", ""projectId"": 1, ""status"": ""draft"", ""title"": ""Test Lesson Learned"", ""type"": ""lesson"", ""visibility"": ""internal""}}",2026-02-07 17:42:33
30255,30001,30001,MEAL,learning_item,30071,create,1,"{""input"": {""moduleSource"": ""survey"", ""projectId"": 1, ""status"": ""draft"", ""title"": ""To Update"", ""type"": ""best_practice"", ""visibility"": ""internal""}}",2026-02-07 17:42:33
30256,30001,30001,MEAL,learning_item,30071,update,1,"{""updates"": {""status"": ""published"", ""title"": ""Updated Title"", ""updatedBy"": 1}}",2026-02-07 17:42:34
30257,30001,30001,MEAL,learning_item,30072,create,1,"{""input"": {""moduleSource"": ""accountability"", ""projectId"": 1, ""status"": ""draft"", ""title"": ""To Delete"", ""type"": ""product"", ""visibility"": ""internal""}}",2026-02-07 17:42:34
30258,30001,30001,MEAL,learning_item,30072,delete,1,,2026-02-07 17:42:34
30259,30001,30001,MEAL,dqa_visit,30047,create,1,"{""input"": {""accurateCount"": 90, ""dataSource"": ""mixed"", ""discrepanciesCount"": 10, ""duplicatesCount"": 2, ""missingFieldsCount"": 5, ""projectId"": 1, ""recordsCheckedCount"": 100, ""status"": ""draft"", ""visitDate"": ""2026-02-07""}}",2026-02-07 17:42:34
30260,30001,30001,MEAL,dqa_visit,30048,create,1,"{""input"": {""accurateCount"": 40, ""dataSource"": ""survey"", ""discrepanciesCount"": 10, ""duplicatesCount"": 0, ""missingFieldsCount"": 0, ""projectId"": 1, ""recordsCheckedCount"": 50, ""status"": ""draft"", ""visitDate"": ""2026-02-07""}}",2026-02-07 17:42:34
30261,30001,30001,MEAL,indicator_template,30047,create,1,"{""input"": {""active"": true, ""calculationMethod"": ""numerator/denominator * 100"", ""code"": ""TST-001"", ""frequency"": ""monthly"", ""name"": ""Test Template"", ""unitOfMeasure"": ""%""}}",2026-02-07 17:42:34
30262,30001,30001,MEAL,survey_standard,30047,create,1,"{""input"": {""gpsRequired"": true, ""photoRequired"": false, ""standardName"": ""Test Standard""}}",2026-02-07 17:42:34
30263,30001,30001,MEAL,indicator_template,30048,create,1,"{""input"": {""active"": true, ""name"": ""To Delete Template""}}",2026-02-07 17:42:34
30264,30001,30001,MEAL,survey_standard,30048,create,1,"{""input"": {""gpsRequired"": false, ""photoRequired"": false, ""standardName"": ""To Delete Standard""}}",2026-02-07 17:42:34
30265,30001,30001,MEAL,learning_item,30073,create,1,"{""input"": {""moduleSource"": ""cross_cutting"", ""projectId"": 1, ""status"": ""draft"", ""title"": ""Test Lesson Learned"", ""type"": ""lesson"", ""visibility"": ""internal""}}",2026-02-07 17:43:03
30266,30001,30001,MEAL,learning_item,30074,create,1,"{""input"": {""moduleSource"": ""survey"", ""projectId"": 1, ""status"": ""draft"", ""title"": ""To Update"", ""type"": ""best_practice"", ""visibility"": ""internal""}}",2026-02-07 17:43:04
30267,30001,30001,MEAL,learning_item,30074,update,1,"{""updates"": {""status"": ""published"", ""title"": ""Updated Title"", ""updatedBy"": 1}}",2026-02-07 17:43:04
30268,30001,30001,MEAL,learning_item,30075,create,1,"{""input"": {""moduleSource"": ""accountability"", ""projectId"": 1, ""status"": ""draft"", ""title"": ""To Delete"", ""type"": ""product"", ""visibility"": ""internal""}}",2026-02-07 17:43:04
30269,30001,30001,MEAL,learning_item,30075,delete,1,,2026-02-07 17:43:04
30270,30001,30001,MEAL,dqa_visit,30049,create,1,"{""input"": {""accurateCount"": 90, ""dataSource"": ""mixed"", ""discrepanciesCount"": 10, ""duplicatesCount"": 2, ""missingFieldsCount"": 5, ""projectId"": 1, ""recordsCheckedCount"": 100, ""status"": ""draft"", ""visitDate"": ""2026-02-07""}}",2026-02-07 17:43:04
30271,30001,30001,MEAL,dqa_visit,30050,create,1,"{""input"": {""accurateCount"": 40, ""dataSource"": ""survey"", ""discrepanciesCount"": 10, ""duplicatesCount"": 0, ""missingFieldsCount"": 0, ""projectId"": 1, ""recordsCheckedCount"": 50, ""status"": ""draft"", ""visitDate"": ""2026-02-07""}}",2026-02-07 17:43:04
30272,30001,30001,MEAL,indicator_template,30049,create,1,"{""input"": {""active"": true, ""calculationMethod"": ""numerator/denominator * 100"", ""code"": ""TST-001"", ""frequency"": ""monthly"", ""name"": ""Test Template"", ""unitOfMeasure"": ""%""}}",2026-02-07 17:43:04
30273,30001,30001,MEAL,survey_standard,30049,create,1,"{""input"": {""gpsRequired"": true, ""photoRequired"": false, ""standardName"": ""Test Standard""}}",2026-02-07 17:43:04
30274,30001,30001,MEAL,indicator_template,30050,create,1,"{""input"": {""active"": true, ""name"": ""To Delete Template""}}",2026-02-07 17:43:04
30275,30001,30001,MEAL,survey_standard,30050,create,1,"{""input"": {""gpsRequired"": false, ""photoRequired"": false, ""standardName"": ""To Delete Standard""}}",2026-02-07 17:43:04
30276,30001,30001,MEAL,learning_item,30076,create,1,"{""input"": {""moduleSource"": ""cross_cutting"", ""projectId"": 1, ""status"": ""draft"", ""title"": ""Test Lesson Learned"", ""type"": ""lesson"", ""visibility"": ""internal""}}",2026-02-07 17:50:21
30277,30001,30001,MEAL,learning_item,30077,create,1,"{""input"": {""moduleSource"": ""survey"", ""projectId"": 1, ""status"": ""draft"", ""title"": ""To Update"", ""type"": ""best_practice"", ""visibility"": ""internal""}}",2026-02-07 17:50:21
30278,30001,30001,MEAL,learning_item,30077,update,1,"{""updates"": {""status"": ""published"", ""title"": ""Updated Title"", ""updatedBy"": 1}}",2026-02-07 17:50:21
30279,30001,30001,MEAL,learning_item,30078,create,1,"{""input"": {""moduleSource"": ""accountability"", ""projectId"": 1, ""status"": ""draft"", ""title"": ""To Delete"", ""type"": ""product"", ""visibility"": ""internal""}}",2026-02-07 17:50:21
30280,30001,30001,MEAL,learning_item,30078,delete,1,,2026-02-07 17:50:21
30281,30001,30001,MEAL,dqa_visit,30051,create,1,"{""input"": {""accurateCount"": 90, ""dataSource"": ""mixed"", ""discrepanciesCount"": 10, ""duplicatesCount"": 2, ""missingFieldsCount"": 5, ""projectId"": 1, ""recordsCheckedCount"": 100, ""status"": ""draft"", ""visitDate"": ""2026-02-07""}}",2026-02-07 17:50:21
30282,30001,30001,MEAL,dqa_visit,30052,create,1,"{""input"": {""accurateCount"": 40, ""dataSource"": ""survey"", ""discrepanciesCount"": 10, ""duplicatesCount"": 0, ""missingFieldsCount"": 0, ""projectId"": 1, ""recordsCheckedCount"": 50, ""status"": ""draft"", ""visitDate"": ""2026-02-07""}}",2026-02-07 17:50:21
30283,30001,30001,MEAL,indicator_template,30051,create,1,"{""input"": {""active"": true, ""calculationMethod"": ""numerator/denominator * 100"", ""code"": ""TST-001"", ""frequency"": ""monthly"", ""name"": ""Test Template"", ""unitOfMeasure"": ""%""}}",2026-02-07 17:50:21
30284,30001,30001,MEAL,survey_standard,30051,create,1,"{""input"": {""gpsRequired"": true, ""photoRequired"": false, ""standardName"": ""Test Standard""}}",2026-02-07 17:50:21
30285,30001,30001,MEAL,indicator_template,30052,create,1,"{""input"": {""active"": true, ""name"": ""To Delete Template""}}",2026-02-07 17:50:21
30286,30001,30001,MEAL,survey_standard,30052,create,1,"{""input"": {""gpsRequired"": false, ""photoRequired"": false, ""standardName"": ""To Delete Standard""}}",2026-02-07 17:50:21
30287,30001,30001,MEAL,learning_item,30079,create,1,"{""input"": {""moduleSource"": ""cross_cutting"", ""projectId"": 1, ""status"": ""draft"", ""title"": ""Test Lesson Learned"", ""type"": ""lesson"", ""visibility"": ""internal""}}",2026-02-07 17:50:48
30288,30001,30001,MEAL,learning_item,30080,create,1,"{""input"": {""moduleSource"": ""survey"", ""projectId"": 1, ""status"": ""draft"", ""title"": ""To Update"", ""type"": ""best_practice"", ""visibility"": ""internal""}}",2026-02-07 17:50:48
30289,30001,30001,MEAL,learning_item,30080,update,1,"{""updates"": {""status"": ""published"", ""title"": ""Updated Title"", ""updatedBy"": 1}}",2026-02-07 17:50:48
30290,30001,30001,MEAL,learning_item,30081,create,1,"{""input"": {""moduleSource"": ""accountability"", ""projectId"": 1, ""status"": ""draft"", ""title"": ""To Delete"", ""type"": ""product"", ""visibility"": ""internal""}}",2026-02-07 17:50:48
30291,30001,30001,MEAL,learning_item,30081,delete,1,,2026-02-07 17:50:48
30292,30001,30001,MEAL,dqa_visit,30053,create,1,"{""input"": {""accurateCount"": 90, ""dataSource"": ""mixed"", ""discrepanciesCount"": 10, ""duplicatesCount"": 2, ""missingFieldsCount"": 5, ""projectId"": 1, ""recordsCheckedCount"": 100, ""status"": ""draft"", ""visitDate"": ""2026-02-07""}}",2026-02-07 17:50:48
30293,30001,30001,MEAL,dqa_visit,30054,create,1,"{""input"": {""accurateCount"": 40, ""dataSource"": ""survey"", ""discrepanciesCount"": 10, ""duplicatesCount"": 0, ""missingFieldsCount"": 0, ""projectId"": 1, ""recordsCheckedCount"": 50, ""status"": ""draft"", ""visitDate"": ""2026-02-07""}}",2026-02-07 17:50:48
30294,30001,30001,MEAL,indicator_template,30053,create,1,"{""input"": {""active"": true, ""calculationMethod"": ""numerator/denominator * 100"", ""code"": ""TST-001"", ""frequency"": ""monthly"", ""name"": ""Test Template"", ""unitOfMeasure"": ""%""}}",2026-02-07 17:50:48
30295,30001,30001,MEAL,survey_standard,30053,create,1,"{""input"": {""gpsRequired"": true, ""photoRequired"": false, ""standardName"": ""Test Standard""}}",2026-02-07 17:50:49
30296,30001,30001,MEAL,indicator_template,30054,create,1,"{""input"": {""active"": true, ""name"": ""To Delete Template""}}",2026-02-07 17:50:49
30297,30001,30001,MEAL,survey_standard,30054,create,1,"{""input"": {""gpsRequired"": false, ""photoRequired"": false, ""standardName"": ""To Delete Standard""}}",2026-02-07 17:50:49
30298,30001,30001,MEAL,learning_item,30082,create,1,"{""input"": {""moduleSource"": ""cross_cutting"", ""projectId"": 1, ""status"": ""draft"", ""title"": ""Test Lesson Learned"", ""type"": ""lesson"", ""visibility"": ""internal""}}",2026-02-07 17:58:23
30299,30001,30001,MEAL,learning_item,30083,create,1,"{""input"": {""moduleSource"": ""survey"", ""projectId"": 1, ""status"": ""draft"", ""title"": ""To Update"", ""type"": ""best_practice"", ""visibility"": ""internal""}}",2026-02-07 17:58:23
30300,30001,30001,MEAL,learning_item,30083,update,1,"{""updates"": {""status"": ""published"", ""title"": ""Updated Title"", ""updatedBy"": 1}}",2026-02-07 17:58:23
30301,30001,30001,MEAL,learning_item,30084,create,1,"{""input"": {""moduleSource"": ""accountability"", ""projectId"": 1, ""status"": ""draft"", ""title"": ""To Delete"", ""type"": ""product"", ""visibility"": ""internal""}}",2026-02-07 17:58:23
30302,30001,30001,MEAL,learning_item,30084,delete,1,,2026-02-07 17:58:23
30303,30001,30001,MEAL,dqa_visit,30055,create,1,"{""input"": {""accurateCount"": 90, ""dataSource"": ""mixed"", ""discrepanciesCount"": 10, ""duplicatesCount"": 2, ""missingFieldsCount"": 5, ""projectId"": 1, ""recordsCheckedCount"": 100, ""status"": ""draft"", ""visitDate"": ""2026-02-07""}}",2026-02-07 17:58:23
30304,30001,30001,MEAL,dqa_visit,30056,create,1,"{""input"": {""accurateCount"": 40, ""dataSource"": ""survey"", ""discrepanciesCount"": 10, ""duplicatesCount"": 0, ""missingFieldsCount"": 0, ""projectId"": 1, ""recordsCheckedCount"": 50, ""status"": ""draft"", ""visitDate"": ""2026-02-07""}}",2026-02-07 17:58:24
30305,30001,30001,MEAL,indicator_template,30055,create,1,"{""input"": {""active"": true, ""calculationMethod"": ""numerator/denominator * 100"", ""code"": ""TST-001"", ""frequency"": ""monthly"", ""name"": ""Test Template"", ""unitOfMeasure"": ""%""}}",2026-02-07 17:58:24
30306,30001,30001,MEAL,survey_standard,30055,create,1,"{""input"": {""gpsRequired"": true, ""photoRequired"": false, ""standardName"": ""Test Standard""}}",2026-02-07 17:58:24
30307,30001,30001,MEAL,indicator_template,30056,create,1,"{""input"": {""active"": true, ""name"": ""To Delete Template""}}",2026-02-07 17:58:24
30308,30001,30001,MEAL,survey_standard,30056,create,1,"{""input"": {""gpsRequired"": false, ""photoRequired"": false, ""standardName"": ""To Delete Standard""}}",2026-02-07 17:58:24
30309,30001,30001,MEAL,learning_item,30085,create,1,"{""input"": {""moduleSource"": ""cross_cutting"", ""projectId"": 1, ""status"": ""draft"", ""title"": ""Test Lesson Learned"", ""type"": ""lesson"", ""visibility"": ""internal""}}",2026-02-07 17:58:50
30310,30001,30001,MEAL,learning_item,30086,create,1,"{""input"": {""moduleSource"": ""survey"", ""projectId"": 1, ""status"": ""draft"", ""title"": ""To Update"", ""type"": ""best_practice"", ""visibility"": ""internal""}}",2026-02-07 17:58:50
30311,30001,30001,MEAL,learning_item,30086,update,1,"{""updates"": {""status"": ""published"", ""title"": ""Updated Title"", ""updatedBy"": 1}}",2026-02-07 17:58:50
30312,30001,30001,MEAL,learning_item,30087,create,1,"{""input"": {""moduleSource"": ""accountability"", ""projectId"": 1, ""status"": ""draft"", ""title"": ""To Delete"", ""type"": ""product"", ""visibility"": ""internal""}}",2026-02-07 17:58:50
30313,30001,30001,MEAL,learning_item,30087,delete,1,,2026-02-07 17:58:50
30314,30001,30001,MEAL,dqa_visit,30057,create,1,"{""input"": {""accurateCount"": 90, ""dataSource"": ""mixed"", ""discrepanciesCount"": 10, ""duplicatesCount"": 2, ""missingFieldsCount"": 5, ""projectId"": 1, ""recordsCheckedCount"": 100, ""status"": ""draft"", ""visitDate"": ""2026-02-07""}}",2026-02-07 17:58:50
30315,30001,30001,MEAL,dqa_visit,30058,create,1,"{""input"": {""accurateCount"": 40, ""dataSource"": ""survey"", ""discrepanciesCount"": 10, ""duplicatesCount"": 0, ""missingFieldsCount"": 0, ""projectId"": 1, ""recordsCheckedCount"": 50, ""status"": ""draft"", ""visitDate"": ""2026-02-07""}}",2026-02-07 17:58:50
30316,30001,30001,MEAL,indicator_template,30057,create,1,"{""input"": {""active"": true, ""calculationMethod"": ""numerator/denominator * 100"", ""code"": ""TST-001"", ""frequency"": ""monthly"", ""name"": ""Test Template"", ""unitOfMeasure"": ""%""}}",2026-02-07 17:58:50
30317,30001,30001,MEAL,survey_standard,30057,create,1,"{""input"": {""gpsRequired"": true, ""photoRequired"": false, ""standardName"": ""Test Standard""}}",2026-02-07 17:58:50
30318,30001,30001,MEAL,indicator_template,30058,create,1,"{""input"": {""active"": true, ""name"": ""To Delete Template""}}",2026-02-07 17:58:50
30319,30001,30001,MEAL,survey_standard,30058,create,1,"{""input"": {""gpsRequired"": false, ""photoRequired"": false, ""standardName"": ""To Delete Standard""}}",2026-02-07 17:58:50
