id,name,nameAr,organizationCode,shortCode,tenantId,primaryAdminId,secondaryAdminId,domain,status,country,timezone,currency,isDeleted,deletedAt,deletedBy,createdAt,updatedAt
30001,Yamany Development Foundation,,YDH-001,YDH,3dd371bd-d0ec-40d6-8b6b-0cc792a96a39,1080383,241806,yamany.org,active,Yemen,Asia/Aden,USD,0,,,2026-01-26 21:07:00,2026-02-03 18:36:44
30002,Efadah Organization for Development (EFADAH),,EFADAH-001,EFADAH,06ba8aad-2c9b-4ddb-913d-88b7a2204435,1080332,1080383,efadah-ye.org,active,Yemen,Asia/Aden,USD,0,,,2026-01-26 21:07:00,2026-02-03 19:30:25
120007,Final Test Organization with Dual Admins,,ORG-ML11HV7P-J9I,,d9ead86c-a887-4268-89f0-7d05f392485c,480144,480145,final-test-dual.org,active,Jordan,UTC,USD,0,,,2026-01-30 15:30:00,2026-01-30 15:30:00
150001,Complete Test Organization,,CTO-001,,12fcea64-f6e9-4e69-b79d-ee83c36284c7,480115,480116,complete-test,active,Jordan,UTC,USD,1,2026-02-01 20:27:00,1,2026-01-31 15:17:00,2026-02-01 20:27:00
150010,Single Admin Org,,ORG-ML8IJVZD-BUJ,,725ce7ea-7288-4831-a610-44ee6d6a1b4b,1261019,,,active,Yemen,UTC,USD,1,2026-02-06 01:30:55,1080332,2026-02-04 21:02:09,2026-02-06 01:30:54
150012,Reuse Admin Org,,ORG-ML8IJW0V-947,,6bbc05fb-bedb-4c2e-9a0f-091d32436f5e,1261017,,,active,Syria,UTC,USD,1,2026-02-06 01:30:55,1080332,2026-02-04 21:02:09,2026-02-06 01:30:54
150013,Edit Test Organization,,ORG-ML8IJW2V-729,,b63e5621-6878-4ad5-9364-be8335966b64,1261020,,,active,Palestine,UTC,USD,1,2026-02-06 01:30:55,1080332,2026-02-04 21:02:09,2026-02-06 01:30:55
150015,Test Organization,,ORG-ML8IJXBE-0SM,,d06931fe-393a-460d-9ac0-dad61ef266f8,,,,active,Test Country,UTC,USD,1,2026-02-06 01:30:55,1080332,2026-02-04 21:02:11,2026-02-06 01:30:55
150018,Single Admin Org,,ORG-ML8IK5OZ-N5M,,563f1d2d-6a40-46c4-966c-943321df1475,1261019,,,active,Yemen,UTC,USD,1,2026-02-06 01:30:55,1080332,2026-02-04 21:02:22,2026-02-06 01:30:55
150019,Reuse Admin Org,,ORG-ML8IK5QJ-9QZ,,5b957237-3648-4c3b-835f-720689f409d9,1261017,,,active,Syria,UTC,USD,1,2026-02-06 01:30:56,1080332,2026-02-04 21:02:22,2026-02-06 01:30:55
150021,Edit Test Organization,,ORG-ML8IK5S5-H65,,f900ac2f-5124-494c-82de-15c4a8fcfbcd,1261020,,,active,Palestine,UTC,USD,1,2026-02-06 01:30:56,1080332,2026-02-04 21:02:22,2026-02-06 01:30:55
150023,Test Organization,,ORG-ML8IKBD2-7JP,,3fe872ed-2908-45ed-89fd-7e54254f144b,,,,active,Test Country,UTC,USD,1,2026-02-06 01:30:56,1080332,2026-02-04 21:02:29,2026-02-06 01:30:55
150026,Single Admin Org,,ORG-ML8L1ML3-V8W,,f3751a2a-5313-435f-b1ee-e6db1bceb61e,1261019,,,active,Yemen,UTC,USD,1,2026-02-06 01:30:56,1080332,2026-02-04 22:11:56,2026-02-06 01:30:56
150028,Reuse Admin Org,,ORG-ML8L1MMN-VBF,,ade8386e-209e-43bb-b849-43f3c6669631,1261017,,,active,Syria,UTC,USD,1,2026-02-06 01:30:56,1080332,2026-02-04 22:11:56,2026-02-06 01:30:56
150029,Edit Test Organization,,ORG-ML8L1MNX-DPC,,2fec6ca7-52df-4c11-bff8-4eba29bf5b62,1261020,,,active,Palestine,UTC,USD,1,2026-02-06 01:30:56,1080332,2026-02-04 22:11:56,2026-02-06 01:30:56
150031,Test Organization,,ORG-ML8L1NVA-KCM,,37a45f0b-90f6-4315-8a40-263efd36617f,,,,active,Test Country,UTC,USD,1,2026-02-06 01:30:56,1080332,2026-02-04 22:11:58,2026-02-06 01:30:56
180010,Single Admin Org,,ORG-ML8PRG4D-BQL,,5c7f07db-eccd-4268-bc3f-15ad7d3bca28,1261019,,,active,Yemen,UTC,USD,1,2026-02-06 01:30:57,1080332,2026-02-05 00:23:59,2026-02-06 01:30:56
180011,Reuse Admin Org,,ORG-ML8PRG61-17V,,dc25b6e8-5752-40fd-9f02-9e33748883d9,1261017,,,active,Syria,UTC,USD,1,2026-02-06 01:30:57,1080332,2026-02-05 00:23:59,2026-02-06 01:30:56
180013,Edit Test Organization,,ORG-ML8PRG79-Q03,,e2e17bab-a270-462f-a5dc-450aeaaa34de,1261020,,,active,Palestine,UTC,USD,1,2026-02-06 01:30:57,1080332,2026-02-05 00:23:59,2026-02-06 01:30:56
180015,Test Organization,,ORG-ML8PRLXB-C6G,,529875ab-e198-47da-b077-34b0c6d3843a,,,,active,Test Country,UTC,USD,1,2026-02-06 01:30:57,1080332,2026-02-05 00:24:07,2026-02-06 01:30:57
180018,Single Admin Org,,ORG-ML8SYT9D-XSW,,c7c5048c-14f8-4dbd-a248-917ea2425a68,1261019,,,active,Yemen,UTC,USD,1,2026-02-06 01:30:57,1080332,2026-02-05 01:53:42,2026-02-06 01:30:57
180019,Reuse Admin Org,,ORG-ML8SYTAT-J7D,,d9012df4-5593-4477-95e8-2ffc515f8049,1261017,,,active,Syria,UTC,USD,1,2026-02-06 01:30:57,1080332,2026-02-05 01:53:42,2026-02-06 01:30:57
180021,Edit Test Organization,,ORG-ML8SYTC4-UQI,,87cfada0-a92a-4914-8b53-c92c6807d135,1261020,,,active,Palestine,UTC,USD,1,2026-02-06 01:30:58,1080332,2026-02-05 01:53:42,2026-02-06 01:30:57
180023,Test Organization,,ORG-ML8SYUON-X6O,,55df0d2f-caf8-414c-b368-625a9527a606,,,,active,Test Country,UTC,USD,1,2026-02-06 01:30:58,1080332,2026-02-05 01:53:43,2026-02-06 01:30:57
180026,Single Admin Org,,ORG-ML8SZ46W-A3T,,5d8057de-0e86-476a-a4d5-8af1c9ea35ca,1261019,,,active,Yemen,UTC,USD,1,2026-02-06 01:30:58,1080332,2026-02-05 01:53:56,2026-02-06 01:30:57
180027,Reuse Admin Org,,ORG-ML8SZ48H-GG7,,92f8077d-4363-44e7-a40d-7db0a308a422,1261017,,,active,Syria,UTC,USD,1,2026-02-06 01:30:58,1080332,2026-02-05 01:53:56,2026-02-06 01:30:58
180029,Edit Test Organization,,ORG-ML8SZ49K-2EL,,214729b1-6665-4ab6-b117-26e4c765b87f,1261020,,,active,Palestine,UTC,USD,1,2026-02-06 01:30:58,1080332,2026-02-05 01:53:56,2026-02-06 01:30:58
180031,Test Organization,,ORG-ML8SZ5KJ-LU3,,38c8aa18-14a5-4be9-ab6d-019434dd6f34,,,,active,Test Country,UTC,USD,1,2026-02-06 01:30:58,1080332,2026-02-05 01:53:58,2026-02-06 01:30:58
180034,Single Admin Org,,ORG-ML8SZMHI-YXJ,,26e0468e-ec37-418b-af98-d3b46db488e2,1261019,,,active,Yemen,UTC,USD,1,2026-02-06 01:30:59,1080332,2026-02-05 01:54:19,2026-02-06 01:30:58
180035,Reuse Admin Org,,ORG-ML8SZMIY-JVA,,28b72c19-19c8-488c-bff7-066d9b48a4be,1261017,,,active,Syria,UTC,USD,1,2026-02-06 01:30:59,1080332,2026-02-05 01:54:19,2026-02-06 01:30:58
180037,Edit Test Organization,,ORG-ML8SZMKA-T41,,5c4dea5a-5fef-49c0-9c90-8941639617ad,1261020,,,active,Palestine,UTC,USD,1,2026-02-06 01:30:59,1080332,2026-02-05 01:54:20,2026-02-06 01:30:58
180039,Test Organization,,ORG-ML8SZPIC-SAL,,ac96f147-2616-48dc-9c4e-c496dfd7fc4a,,,,active,Test Country,UTC,USD,1,2026-02-06 01:30:59,1080332,2026-02-05 01:54:23,2026-02-06 01:30:58
180040,DoD Test Organization,,DOD-TEST-1770256554028,,,,,,active,,UTC,USD,1,2026-02-05 01:55:54,,2026-02-05 01:55:54,2026-02-05 01:55:54
180041,DoD Test Organization,,DOD-TEST-1770256570618,,,,,,active,,UTC,USD,1,2026-02-05 01:56:11,,2026-02-05 01:56:10,2026-02-05 01:56:10
210008,Test Org for Variance Alerts,,,,,,,,active,,UTC,USD,1,2026-02-06 01:30:59,1080332,2026-02-05 16:55:29,2026-02-06 01:30:59
210009,Test Org for Variance Alerts,,,,,,,,active,,UTC,USD,1,2026-02-06 01:30:59,1080332,2026-02-05 16:55:42,2026-02-06 01:30:59
210010,Test Org for Journal Entries,,,,,,,,active,,UTC,USD,1,2026-02-06 01:30:59,1080332,2026-02-05 17:05:00,2026-02-06 01:30:59
240008,Test Org for Journal Entries,,,,,,,,active,,UTC,USD,1,2026-02-06 01:31:00,1080332,2026-02-05 20:19:42,2026-02-06 01:30:59
240011,Single Admin Org,,ORG-ML9WH772-8J8,,18b8493b-3f10-40fd-be39-256dc2d08b50,1261019,,,active,Yemen,UTC,USD,1,2026-02-06 01:31:00,1080332,2026-02-05 20:19:44,2026-02-06 01:30:59
240013,Reuse Admin Org,,ORG-ML9WH7FW-GJC,,217fd0ac-9333-4786-aa0d-a9ac7a6c7bbc,1261017,,,active,Syria,UTC,USD,1,2026-02-06 01:31:00,1080332,2026-02-05 20:19:45,2026-02-06 01:30:59
240014,Edit Test Organization,,ORG-ML9WH7N3-GJ1,,c827d735-7f4d-4546-97b6-1f510a6ed972,1261020,,,active,Palestine,UTC,USD,1,2026-02-06 01:31:00,1080332,2026-02-05 20:19:45,2026-02-06 01:31:00
240016,Test Organization,,ORG-ML9WH8QX-ZSX,,46d3c17a-1020-4c0b-a636-2e88932739e4,,,,active,Test Country,UTC,USD,1,2026-02-06 01:31:00,1080332,2026-02-05 20:19:46,2026-02-06 01:31:00
240017,Test Org for Variance Alerts,,,,,,,,active,,UTC,USD,1,2026-02-06 01:31:00,1080332,2026-02-05 20:19:47,2026-02-06 01:31:00
240018,Test Org for Journal Entries,,,,,,,,active,,UTC,USD,1,2026-02-06 01:31:01,1080332,2026-02-05 20:19:57,2026-02-06 01:31:00
240021,Single Admin Org,,ORG-ML9WHII6-ZZS,,94ed1338-7151-4219-868a-73da85bb908e,1261019,,,active,Yemen,UTC,USD,1,2026-02-06 01:31:01,1080332,2026-02-05 20:19:59,2026-02-06 01:31:00
240023,Reuse Admin Org,,ORG-ML9WHIQL-AYO,,3d9439d5-f909-4b0d-be83-0fe8e511864c,1261017,,,active,Syria,UTC,USD,1,2026-02-06 01:31:01,1080332,2026-02-05 20:19:59,2026-02-06 01:31:00
240024,Edit Test Organization,,ORG-ML9WHIXO-1RX,,b2c114f3-f85b-43fc-b884-d2c95c42a30f,1261020,,,active,Palestine,UTC,USD,1,2026-02-06 01:31:01,1080332,2026-02-05 20:20:00,2026-02-06 01:31:01
240026,Test Organization,,ORG-ML9WHKA5-V45,,21c5e63c-abc6-460e-b49e-86df3e49f63a,,,,active,Test Country,UTC,USD,1,2026-02-06 01:31:01,1080332,2026-02-05 20:20:01,2026-02-06 01:31:01
240027,Test Org for Variance Alerts,,,,,,,,active,,UTC,USD,1,2026-02-06 01:31:01,1080332,2026-02-05 20:20:02,2026-02-06 01:31:01
270008,Test Org for Journal Entries,منظمة اختبار لقيود اليومية,,,,,,,active,,UTC,USD,1,2026-02-07 11:28:16,1080332,2026-02-06 02:07:33,2026-02-07 11:28:16
270011,Single Admin Org,,ORG-MLA8WITA-QI0,,8dc2145b-8dd7-4045-984f-85ec42f1e5de,1261019,,,active,Yemen,UTC,USD,1,2026-02-07 11:28:16,1080332,2026-02-06 02:07:35,2026-02-07 11:28:16
270013,Reuse Admin Org,,ORG-MLA8WJ2I-C6J,,d2ec4ca7-2c7e-4d7a-8e04-5cf25e401b89,1261017,,,active,Syria,UTC,USD,1,2026-02-07 11:28:16,1080332,2026-02-06 02:07:35,2026-02-07 11:28:16
270014,Edit Test Organization,,ORG-MLA8WJ9X-0KG,,31b556b8-b1b4-4f24-b8d4-416b6fd19c2b,1261020,,,active,Palestine,UTC,USD,1,2026-02-07 11:28:16,1080332,2026-02-06 02:07:35,2026-02-07 11:28:16
270016,Test Org for Journal Entries,منظمة اختبار لقيود اليومية,,,,,,,active,,UTC,USD,1,2026-02-07 11:28:16,1080332,2026-02-06 02:07:44,2026-02-07 11:28:16
270019,Single Admin Org,,ORG-MLA8WRT2-TYQ,,87a061c4-ccc4-4917-a838-2bb78a006075,1261019,,,active,Yemen,UTC,USD,1,2026-02-07 11:28:16,1080332,2026-02-06 02:07:46,2026-02-07 11:28:16
270021,Reuse Admin Org,,ORG-MLA8WS1O-V1Z,,34c63236-368b-4838-91fb-6d0a38cbbfc5,1261017,,,active,Syria,UTC,USD,1,2026-02-07 11:28:16,1080332,2026-02-06 02:07:47,2026-02-07 11:28:16
270022,Edit Test Organization,,ORG-MLA8WS8S-03K,,05b020a7-510c-43dc-ae13-016c982cdc9d,1261020,,,active,Palestine,UTC,USD,1,2026-02-07 11:28:16,1080332,2026-02-06 02:07:47,2026-02-07 11:28:16
270024,Test Organization,,ORG-MLA8WTXA-85W,,73bf7db8-5fe6-47f2-99b6-7260ee0e9ace,,,,active,Test Country,UTC,USD,1,2026-02-07 11:28:16,1080332,2026-02-06 02:07:49,2026-02-07 11:28:16
270025,Test Org for Variance Alerts,منظمة اختبار لتنبيهات الفروقات,,,,,,,active,,UTC,USD,1,2026-02-07 11:28:16,1080332,2026-02-06 02:07:50,2026-02-07 11:28:16
270026,Test Org for Journal Entries,منظمة اختبار لقيود اليومية,,,,,,,active,,UTC,USD,1,2026-02-07 11:28:16,1080332,2026-02-06 02:09:42,2026-02-07 11:28:16
270029,Single Admin Org,,ORG-MLA90J8I-F0N,,041312fb-ecef-42ba-9c8d-1ed1771f3b1d,1261019,,,active,Yemen,UTC,USD,1,2026-02-07 11:28:16,1080332,2026-02-06 02:10:42,2026-02-07 11:28:16
270031,Reuse Admin Org,,ORG-MLA90JHD-IHK,,d7ac0f40-8501-48a0-bc8b-ab7af8615f6e,1261017,,,active,Syria,UTC,USD,1,2026-02-07 11:28:16,1080332,2026-02-06 02:10:42,2026-02-07 11:28:16
270032,Edit Test Organization,,ORG-MLA90JOC-FBG,,05964eca-353b-4636-8212-556f20b20856,1261020,,,active,Palestine,UTC,USD,1,2026-02-07 11:28:16,1080332,2026-02-06 02:10:42,2026-02-07 11:28:16
270034,Test Organization,,ORG-MLA90MNH-921,,5f074de5-3a3c-4285-8d3d-4bafe172fe68,,,,active,Test Country,UTC,USD,1,2026-02-07 11:28:16,1080332,2026-02-06 02:10:46,2026-02-07 11:28:16
270035,Test Org for Journal Entries,منظمة اختبار لقيود اليومية,,,,,,,active,,UTC,USD,1,2026-02-07 11:28:17,1080332,2026-02-06 03:36:54,2026-02-07 11:28:16
270038,Single Admin Org,,ORG-MLAC3FRB-0PV,,6f9c8ee9-8a29-4dcb-9033-8993d9979439,1261019,,,active,Yemen,UTC,USD,1,2026-02-07 11:28:17,1080332,2026-02-06 03:36:56,2026-02-07 11:28:16
270040,Reuse Admin Org,,ORG-MLAC3G01-D5K,,c36f049b-95f8-4fa6-80ed-4802238c418e,1261017,,,active,Syria,UTC,USD,1,2026-02-07 11:28:17,1080332,2026-02-06 03:36:57,2026-02-07 11:28:16
270041,Edit Test Organization,,ORG-MLAC3G7E-ARK,,13922dca-3d26-462f-b6e3-9af5f27a6b18,1261020,,,active,Palestine,UTC,USD,1,2026-02-07 11:28:17,1080332,2026-02-06 03:36:57,2026-02-07 11:28:16
270043,Test Org for Journal Entries,منظمة اختبار لقيود اليومية,,,,,,,active,,UTC,USD,1,2026-02-07 11:28:17,1080332,2026-02-06 03:37:06,2026-02-07 11:28:16
270046,Single Admin Org,,ORG-MLAC3QDP-LIT,,a23ec29a-4e42-4917-b2f7-bb251dbc0788,1261019,,,active,Yemen,UTC,USD,1,2026-02-07 11:28:17,1080332,2026-02-06 03:37:10,2026-02-07 11:28:16
270048,Reuse Admin Org,,ORG-MLAC3QN0-ULP,,7b7d0b0c-8ba4-4181-bdb9-a4b3045d4429,1261017,,,active,Syria,UTC,USD,1,2026-02-07 11:28:17,1080332,2026-02-06 03:37:10,2026-02-07 11:28:16
270049,Edit Test Organization,,ORG-MLAC3QWZ-5NA,,86d6919b-4493-4eac-9bf1-cc712469abe3,1261020,,,active,Palestine,UTC,USD,1,2026-02-07 11:28:17,1080332,2026-02-06 03:37:11,2026-02-07 11:28:16
270051,Test Organization,,ORG-MLAC4E9Q-NQC,,b092c943-c45b-4b37-9d5d-a11aea24e1b4,,,,active,Test Country,UTC,USD,1,2026-02-07 11:28:17,1080332,2026-02-06 03:37:41,2026-02-07 11:28:16
300008,Test Org for Journal Entries,منظمة اختبار لقيود اليومية,,,,,,,active,,UTC,USD,1,2026-02-07 11:28:17,1080332,2026-02-06 15:24:34,2026-02-07 11:28:16
300011,Single Admin Org,,ORG-MLB1DIXY-ZAW,,4636f470-9647-40df-ae8b-12c5f3479418,1261019,,,active,Yemen,UTC,USD,1,2026-02-07 11:28:17,1080332,2026-02-06 15:24:37,2026-02-07 11:28:16
300012,Reuse Admin Org,,ORG-MLB1DIZD-9N0,,1ff8b0bd-2825-4aa1-94e2-de75bc2c1fd1,1261017,,,active,Syria,UTC,USD,1,2026-02-07 11:28:17,1080332,2026-02-06 15:24:37,2026-02-07 11:28:16
300014,Edit Test Organization,,ORG-MLB1DJ0I-7LR,,1c43e6bb-c233-4dc3-a1e1-6f867706b303,1261020,,,active,Palestine,UTC,USD,1,2026-02-07 11:28:17,1080332,2026-02-06 15:24:37,2026-02-07 11:28:16
300016,Test Organization,,ORG-MLB1DL3F-2JL,,25444ab2-ca34-4257-8e1c-c9f62ca3688c,,,,active,Test Country,UTC,USD,1,2026-02-07 11:28:17,1080332,2026-02-06 15:24:40,2026-02-07 11:28:16
300017,Test Org for Variance Alerts,منظمة اختبار لتنبيهات الفروقات,,,,,,,active,,UTC,USD,1,2026-02-07 11:28:17,1080332,2026-02-06 15:24:41,2026-02-07 11:28:16
300018,Test Org for Journal Entries,منظمة اختبار لقيود اليومية,,,,,,,active,,UTC,USD,1,2026-02-07 11:28:17,1080332,2026-02-06 15:24:53,2026-02-07 11:28:16
300021,Single Admin Org,,ORG-MLB1DX5W-68X,,697b9f71-2eb5-499c-97a3-24fce6cd013d,1261019,,,active,Yemen,UTC,USD,1,2026-02-07 11:28:17,1080332,2026-02-06 15:24:56,2026-02-07 11:28:16
300022,Reuse Admin Org,,ORG-MLB1DX74-324,,1cb5e36d-beeb-46f4-9f42-127149bc4b9f,1261017,,,active,Syria,UTC,USD,1,2026-02-07 11:28:17,1080332,2026-02-06 15:24:56,2026-02-07 11:28:16
300023,Edit Test Organization,,ORG-MLB1DX83-B6E,,32f8bbc2-fba5-44c3-b7a0-64989bdab7ba,1261020,,,active,Palestine,UTC,USD,1,2026-02-07 11:28:17,1080332,2026-02-06 15:24:56,2026-02-07 11:28:16
300026,Test Organization,,ORG-MLB1DZH4-KV9,,e86f523b-2220-45ee-b35b-531998d55104,,,,active,Test Country,UTC,USD,1,2026-02-07 11:28:17,1080332,2026-02-06 15:24:59,2026-02-07 11:28:16
300027,Test Org for Variance Alerts,منظمة اختبار لتنبيهات الفروقات,,,,,,,active,,UTC,USD,1,2026-02-07 11:28:17,1080332,2026-02-06 15:25:00,2026-02-07 11:28:16
330008,Test Org for Journal Entries,منظمة اختبار لقيود اليومية,,,,,,,active,,UTC,USD,1,2026-02-07 11:28:17,1080332,2026-02-06 20:54:43,2026-02-07 11:28:17
330011,Single Admin Org,,ORG-MLBD63R1-XCT,,2f30c074-5b13-4320-92e0-3ac32ea96e36,1261019,,,active,Yemen,UTC,USD,1,2026-02-07 11:28:17,1080332,2026-02-06 20:54:46,2026-02-07 11:28:17
330012,Reuse Admin Org,,ORG-MLBD63SS-F3G,,1cff9b3f-c21e-4e58-84f9-aaf43215d54d,1261017,,,active,Syria,UTC,USD,1,2026-02-07 11:28:17,1080332,2026-02-06 20:54:46,2026-02-07 11:28:17
330014,Edit Test Organization,,ORG-MLBD63U2-IXK,,7bb7b357-4694-4d16-9807-4b9a8082fa79,1261020,,,active,Palestine,UTC,USD,1,2026-02-07 11:28:17,1080332,2026-02-06 20:54:47,2026-02-07 11:28:17
330016,Test Organization,,ORG-MLBD66WV-IIR,,4f9ee4cf-c3b0-4586-83cf-af19523cc226,,,,active,Test Country,UTC,USD,1,2026-02-07 11:28:17,1080332,2026-02-06 20:54:51,2026-02-07 11:28:17
330017,Test Org for Variance Alerts,منظمة اختبار لتنبيهات الفروقات,,,,,,,active,,UTC,USD,1,2026-02-07 11:28:17,1080332,2026-02-06 20:54:52,2026-02-07 11:28:17
330018,Test Org for Journal Entries,منظمة اختبار لقيود اليومية,,,,,,,active,,UTC,USD,1,2026-02-07 11:28:17,1080332,2026-02-06 20:55:27,2026-02-07 11:28:17
330021,Single Admin Org,,ORG-MLBD71AX-L8U,,a202f742-0603-4e48-8854-f8824bee54c1,1261019,,,active,Yemen,UTC,USD,1,2026-02-07 11:28:17,1080332,2026-02-06 20:55:30,2026-02-07 11:28:17
330023,Reuse Admin Org,,ORG-MLBD71CA-6M8,,8155477b-4ad4-45c5-a620-be10500b6de6,1261017,,,active,Syria,UTC,USD,1,2026-02-07 11:28:17,1080332,2026-02-06 20:55:30,2026-02-07 11:28:17
330024,Edit Test Organization,,ORG-MLBD71DD-OGO,,d36bea35-e051-4c95-97e9-0b7b74a32091,1261020,,,active,Palestine,UTC,USD,1,2026-02-07 11:28:17,1080332,2026-02-06 20:55:30,2026-02-07 11:28:17
330026,Test Organization,,ORG-MLBD73PJ-VU1,,70b47344-ccb4-4e18-aa19-90a0e3f8d808,,,,active,Test Country,UTC,USD,1,2026-02-07 11:28:17,1080332,2026-02-06 20:55:33,2026-02-07 11:28:17
330027,Test Org for Variance Alerts,منظمة اختبار لتنبيهات الفروقات,,,,,,,active,,UTC,USD,1,2026-02-07 11:28:17,1080332,2026-02-06 20:55:34,2026-02-07 11:28:17
330028,Test Org for Journal Entries,منظمة اختبار لقيود اليومية,,,,,,,active,,UTC,USD,1,2026-02-07 11:28:17,1080332,2026-02-06 20:55:45,2026-02-07 11:28:17
330031,Single Admin Org,,ORG-MLBD7FC8-1TX,,36e40bff-e27e-48cd-8e8c-1b9bbabc392f,1261019,,,active,Yemen,UTC,USD,1,2026-02-07 11:28:17,1080332,2026-02-06 20:55:48,2026-02-07 11:28:17
330033,Reuse Admin Org,,ORG-MLBD7FDI-HFV,,c0dca133-c778-4004-a18e-f2964aed9d40,1261017,,,active,Syria,UTC,USD,1,2026-02-07 11:28:17,1080332,2026-02-06 20:55:48,2026-02-07 11:28:17
330034,Edit Test Organization,,ORG-MLBD7FEL-GJC,,281f8fac-6641-4fc4-aede-c3ba45a55565,1261020,,,active,Palestine,UTC,USD,1,2026-02-07 11:28:17,1080332,2026-02-06 20:55:48,2026-02-07 11:28:17
330036,Test Organization,,ORG-MLBD7HKN-RTC,,04839173-f29c-423f-8dae-1183847e32bf,,,,active,Test Country,UTC,USD,1,2026-02-07 11:28:17,1080332,2026-02-06 20:55:51,2026-02-07 11:28:17
330037,Test Org for Variance Alerts,منظمة اختبار لتنبيهات الفروقات,,,,,,,active,,UTC,USD,1,2026-02-07 11:28:17,1080332,2026-02-06 20:55:52,2026-02-07 11:28:17
330038,Test Org for Journal Entries,منظمة اختبار لقيود اليومية,,,,,,,active,,UTC,USD,1,2026-02-07 11:28:17,1080332,2026-02-06 20:56:46,2026-02-07 11:28:17
330041,Single Admin Org,,ORG-MLBD8QOH-73H,,41420816-2e2a-4ee4-928f-757c997cd0eb,1261019,,,active,Yemen,UTC,USD,1,2026-02-07 11:28:17,1080332,2026-02-06 20:56:49,2026-02-07 11:28:17
330042,Reuse Admin Org,,ORG-MLBD8QQ7-MM6,,bfba5fa2-c146-4da9-8221-74f9371c77bf,1261017,,,active,Syria,UTC,USD,1,2026-02-07 11:28:18,1080332,2026-02-06 20:56:50,2026-02-07 11:28:17
330044,Edit Test Organization,,ORG-MLBD8QRB-TFL,,fbef545a-5199-4268-b0ee-2e2fa9bfda55,1261020,,,active,Palestine,UTC,USD,1,2026-02-07 11:28:18,1080332,2026-02-06 20:56:50,2026-02-07 11:28:17
330046,Test Organization,,ORG-MLBD8SVA-RW2,,2d71401c-2880-413f-aa36-597d48944871,,,,active,Test Country,UTC,USD,1,2026-02-07 11:28:18,1080332,2026-02-06 20:56:52,2026-02-07 11:28:17
330047,Test Org for Variance Alerts,منظمة اختبار لتنبيهات الفروقات,,,,,,,active,,UTC,USD,1,2026-02-07 11:28:18,1080332,2026-02-06 20:56:53,2026-02-07 11:28:17
330048,Test Org for Journal Entries,منظمة اختبار لقيود اليومية,,,,,,,active,,UTC,USD,1,2026-02-07 11:28:18,1080332,2026-02-06 20:57:04,2026-02-07 11:28:17
330052,Single Admin Org,,ORG-MLBD94IP-KIA,,972f9be1-1d19-4262-b71a-c83a3fd0acc6,1261019,,,active,Yemen,UTC,USD,1,2026-02-07 11:28:18,1080332,2026-02-06 20:57:07,2026-02-07 11:28:17
330053,Reuse Admin Org,,ORG-MLBD94K2-INP,,22116ad5-2cd8-4ade-b6b9-40c5e39fa724,1261017,,,active,Syria,UTC,USD,1,2026-02-07 11:28:18,1080332,2026-02-06 20:57:07,2026-02-07 11:28:17
330054,Edit Test Organization,,ORG-MLBD94LF-YBF,,f083d7c2-22d7-4c1a-8329-e0871d0ec17a,1261020,,,active,Palestine,UTC,USD,1,2026-02-07 11:28:18,1080332,2026-02-06 20:57:07,2026-02-07 11:28:17
330056,Test Organization,,ORG-MLBD96K8-UBW,,40396f03-11db-44a2-b5e1-fe051f6808a5,,,,active,Test Country,UTC,USD,1,2026-02-07 11:28:18,1080332,2026-02-06 20:57:10,2026-02-07 11:28:17
330057,Test Org for Variance Alerts,منظمة اختبار لتنبيهات الفروقات,,,,,,,active,,UTC,USD,1,2026-02-07 11:28:18,1080332,2026-02-06 20:57:11,2026-02-07 11:28:17
330058,Test Org for Journal Entries,منظمة اختبار لقيود اليومية,,,,,,,active,,UTC,USD,1,2026-02-07 11:28:18,1080332,2026-02-06 20:57:23,2026-02-07 11:28:17
330061,Single Admin Org,,ORG-MLBD9J83-3NQ,,90202c3e-1e84-4006-8788-7da8049c6fd6,1261019,,,active,Yemen,UTC,USD,1,2026-02-07 11:28:18,1080332,2026-02-06 20:57:26,2026-02-07 11:28:17
330062,Reuse Admin Org,,ORG-MLBD9J9E-RUU,,2020a171-968c-4fda-aed6-66cad621e20b,1261017,,,active,Syria,UTC,USD,1,2026-02-07 11:28:18,1080332,2026-02-06 20:57:26,2026-02-07 11:28:17
330064,Edit Test Organization,,ORG-MLBD9JAK-NFO,,155aea42-ebfa-4752-b69c-cca89c97d93e,1261020,,,active,Palestine,UTC,USD,1,2026-02-07 11:28:18,1080332,2026-02-06 20:57:27,2026-02-07 11:28:17
330066,Test Organization,,ORG-MLBD9LTK-M71,,5aafe697-16be-46aa-b126-07e9d2de2ab6,,,,active,Test Country,UTC,USD,1,2026-02-07 11:28:18,1080332,2026-02-06 20:57:30,2026-02-07 11:28:17
330067,Test Org for Variance Alerts,منظمة اختبار لتنبيهات الفروقات,,,,,,,active,,UTC,USD,1,2026-02-07 11:28:18,1080332,2026-02-06 20:57:31,2026-02-07 11:28:17
330068,Test Org for Journal Entries,منظمة اختبار لقيود اليومية,,,,,,,active,,UTC,USD,1,2026-02-07 11:28:18,1080332,2026-02-06 20:57:47,2026-02-07 11:28:17
330072,Single Admin Org,,ORG-MLBDA19N-YNA,,a930c11f-dff5-4d5c-94e5-42352a1a33ae,1261019,,,active,Yemen,UTC,USD,1,2026-02-07 11:28:18,1080332,2026-02-06 20:57:50,2026-02-07 11:28:17
330073,Reuse Admin Org,,ORG-MLBDA1AY-112,,77038ab1-c4e6-4d48-9cb3-76766f3741ff,1261017,,,active,Syria,UTC,USD,1,2026-02-07 11:28:18,1080332,2026-02-06 20:57:50,2026-02-07 11:28:17
330074,Edit Test Organization,,ORG-MLBDA1C0-IX2,,81e7db99-00a7-4271-88a6-54238ebc0263,1261020,,,active,Palestine,UTC,USD,1,2026-02-07 11:28:18,1080332,2026-02-06 20:57:50,2026-02-07 11:28:17
330076,Test Organization,,ORG-MLBDA3P7-5X6,,c667cd58-6163-4ac9-a8ef-59b999f21dea,,,,active,Test Country,UTC,USD,1,2026-02-07 11:28:18,1080332,2026-02-06 20:57:53,2026-02-07 11:28:18
330077,Test Org for Variance Alerts,منظمة اختبار لتنبيهات الفروقات,,,,,,,active,,UTC,USD,1,2026-02-07 11:28:18,1080332,2026-02-06 20:57:54,2026-02-07 11:28:18
330078,Test Org for Journal Entries,منظمة اختبار لقيود اليومية,,,,,,,active,,UTC,USD,1,2026-02-07 11:28:18,1080332,2026-02-06 20:58:05,2026-02-07 11:28:18
330081,Single Admin Org,,ORG-MLBDAF8P-USE,,8c4af212-208f-420f-a141-03b79f5ee21d,1261019,,,active,Yemen,UTC,USD,1,2026-02-07 11:28:18,1080332,2026-02-06 20:58:08,2026-02-07 11:28:18
330082,Reuse Admin Org,,ORG-MLBDAFA0-Z00,,4b3df242-d7aa-478b-b5e9-fae3dfafee55,1261017,,,active,Syria,UTC,USD,1,2026-02-07 11:28:18,1080332,2026-02-06 20:58:08,2026-02-07 11:28:18
330084,Edit Test Organization,,ORG-MLBDAFB6-S3D,,cf860d22-050a-47a1-91f9-c356c27eb23c,1261020,,,active,Palestine,UTC,USD,1,2026-02-07 11:28:18,1080332,2026-02-06 20:58:08,2026-02-07 11:28:18
330086,Test Organization,,ORG-MLBDAHIQ-AU3,,4803cd83-9b76-4926-9bbe-74c4e171b9f2,,,,active,Test Country,UTC,USD,1,2026-02-07 11:28:18,1080332,2026-02-06 20:58:11,2026-02-07 11:28:18
330087,Test Org for Variance Alerts,منظمة اختبار لتنبيهات الفروقات,,,,,,,active,,UTC,USD,1,2026-02-07 11:28:18,1080332,2026-02-06 20:58:12,2026-02-07 11:28:18
330088,Test Org for Journal Entries,منظمة اختبار لقيود اليومية,,,,,,,active,,UTC,USD,1,2026-02-07 11:28:18,1080332,2026-02-06 21:00:43,2026-02-07 11:28:18
330091,Single Admin Org,,ORG-MLBDDTEP-QMP,,0c7cec65-c23d-4ea3-a723-fb613a009742,1261019,,,active,Yemen,UTC,USD,1,2026-02-07 11:28:18,1080332,2026-02-06 21:00:46,2026-02-07 11:28:18
330093,Reuse Admin Org,,ORG-MLBDDTG0-VXN,,d4e573b8-10de-4d56-b51b-4b1df47aad48,1261017,,,active,Syria,UTC,USD,1,2026-02-07 11:28:18,1080332,2026-02-06 21:00:46,2026-02-07 11:28:18
330094,Edit Test Organization,,ORG-MLBDDTH1-DIR,,5f1d110d-0968-40d1-b05a-74f8445c9560,1261020,,,active,Palestine,UTC,USD,1,2026-02-07 11:28:18,1080332,2026-02-06 21:00:46,2026-02-07 11:28:18
330096,Test Organization,,ORG-MLBDDVSU-ACE,,c2f1fbbd-e851-4f62-a3df-d18eae289430,,,,active,Test Country,UTC,USD,1,2026-02-07 11:28:18,1080332,2026-02-06 21:00:49,2026-02-07 11:28:18
330097,Test Org for Variance Alerts,منظمة اختبار لتنبيهات الفروقات,,,,,,,active,,UTC,USD,1,2026-02-07 11:28:18,1080332,2026-02-06 21:00:50,2026-02-07 11:28:18
330098,Test Org for Journal Entries,منظمة اختبار لقيود اليومية,,,,,,,active,,UTC,USD,1,2026-02-07 11:28:18,1080332,2026-02-06 21:01:07,2026-02-07 11:28:18
330102,Single Admin Org,,ORG-MLBDEBWW-QLM,,839d6d5d-a26e-4bf0-b48c-84690ff7c41b,1261019,,,active,Yemen,UTC,USD,1,2026-02-07 11:28:18,1080332,2026-02-06 21:01:10,2026-02-07 11:28:18
330103,Reuse Admin Org,,ORG-MLBDEBYE-WPM,,4a5ceaff-b91a-4b04-a6b0-d6cbb84f8c81,1261017,,,active,Syria,UTC,USD,1,2026-02-07 11:28:18,1080332,2026-02-06 21:01:10,2026-02-07 11:28:18
330104,Edit Test Organization,,ORG-MLBDEBZG-B6K,,adc4b930-280c-416e-a889-befa8f062888,1261020,,,active,Palestine,UTC,USD,1,2026-02-07 11:28:18,1080332,2026-02-06 21:01:10,2026-02-07 11:28:18
330106,Test Organization,,ORG-MLBDEEGC-8LS,,df90f86a-2c43-4c94-906d-802a7b041bf7,,,,active,Test Country,UTC,USD,1,2026-02-07 11:28:18,1080332,2026-02-06 21:01:14,2026-02-07 11:28:18
330107,Test Org for Variance Alerts,منظمة اختبار لتنبيهات الفروقات,,,,,,,active,,UTC,USD,1,2026-02-07 11:28:18,1080332,2026-02-06 21:01:15,2026-02-07 11:28:18
330108,Test Org for Journal Entries,منظمة اختبار لقيود اليومية,,,,,,,active,,UTC,USD,1,2026-02-07 11:28:19,1080332,2026-02-06 21:01:50,2026-02-07 11:28:18
330112,Single Admin Org,,ORG-MLBDF93T-G3W,,73c87317-bf12-4a06-9b7f-e7c22aa3519f,1261019,,,active,Yemen,UTC,USD,1,2026-02-07 11:28:19,1080332,2026-02-06 21:01:53,2026-02-07 11:28:18
330113,Reuse Admin Org,,ORG-MLBDF955-AT6,,0f110329-6532-4c8e-9450-7a2f8cc71fbc,1261017,,,active,Syria,UTC,USD,1,2026-02-07 11:28:19,1080332,2026-02-06 21:01:53,2026-02-07 11:28:18
330115,Edit Test Organization,,ORG-MLBDF96G-WQ3,,8e18146d-4ae8-4f1c-82b0-2109841db6f5,1261020,,,active,Palestine,UTC,USD,1,2026-02-07 11:28:19,1080332,2026-02-06 21:01:53,2026-02-07 11:28:18
330116,Test Organization,,ORG-MLBDFB4J-LTN,,268b9851-ebb8-4acc-87a2-012a4758a808,,,,active,Test Country,UTC,USD,1,2026-02-07 11:28:19,1080332,2026-02-06 21:01:56,2026-02-07 11:28:18
330117,Test Org for Variance Alerts,منظمة اختبار لتنبيهات الفروقات,,,,,,,active,,UTC,USD,1,2026-02-07 11:28:19,1080332,2026-02-06 21:01:57,2026-02-07 11:28:18
330118,Test Org for Journal Entries,منظمة اختبار لقيود اليومية,,,,,,,active,,UTC,USD,1,2026-02-07 11:28:19,1080332,2026-02-06 21:05:04,2026-02-07 11:28:18
330121,Single Admin Org,,ORG-MLBDJEY0-14L,,96d6edd5-e846-48e8-b719-98b846dc3aa5,1261019,,,active,Yemen,UTC,USD,1,2026-02-07 11:28:19,1080332,2026-02-06 21:05:07,2026-02-07 11:28:18
330122,Reuse Admin Org,,ORG-MLBDJEZB-6Z0,,9060151c-ad3d-414e-ab9f-9c530f77f0f7,1261017,,,active,Syria,UTC,USD,1,2026-02-07 11:28:19,1080332,2026-02-06 21:05:07,2026-02-07 11:28:18
330124,Edit Test Organization,,ORG-MLBDJF0D-5KM,,0a4047d1-9101-4c79-8d72-22c7b729096d,1261020,,,active,Palestine,UTC,USD,1,2026-02-07 11:28:19,1080332,2026-02-06 21:05:08,2026-02-07 11:28:18
330126,Test Organization,,ORG-MLBDJHCH-25O,,248c64d4-e06f-424d-90ab-7c5733452016,,,,active,Test Country,UTC,USD,1,2026-02-07 11:28:19,1080332,2026-02-06 21:05:11,2026-02-07 11:28:18
330127,Test Org for Variance Alerts,منظمة اختبار لتنبيهات الفروقات,,,,,,,active,,UTC,USD,1,2026-02-07 11:28:19,1080332,2026-02-06 21:05:12,2026-02-07 11:28:18
330128,Test Org for Journal Entries,منظمة اختبار لقيود اليومية,,,,,,,active,,UTC,USD,1,2026-02-07 11:28:19,1080332,2026-02-06 21:10:14,2026-02-07 11:28:18
330132,Single Admin Org,,ORG-MLBDQ1Y9-0VC,,c905ae9d-418f-40ec-9c46-c610dd825458,1261019,,,active,Yemen,UTC,USD,1,2026-02-07 11:28:19,1080332,2026-02-06 21:10:17,2026-02-07 11:28:18
330133,Reuse Admin Org,,ORG-MLBDQ1ZI-5US,,e2a49fa4-1c6c-49a5-ade6-d7343f1cbe96,1261017,,,active,Syria,UTC,USD,1,2026-02-07 11:28:19,1080332,2026-02-06 21:10:17,2026-02-07 11:28:18
330134,Edit Test Organization,,ORG-MLBDQ20J-RQ9,,46f922fd-6abd-4c01-b504-04a6e50ec5d4,1261020,,,active,Palestine,UTC,USD,1,2026-02-07 11:28:19,1080332,2026-02-06 21:10:17,2026-02-07 11:28:18
330136,Test Organization,,ORG-MLBDQ499-0C0,,54377534-f0b6-46a8-970b-0cd537824f5a,,,,active,Test Country,UTC,USD,1,2026-02-07 11:28:19,1080332,2026-02-06 21:10:20,2026-02-07 11:28:18
330137,Test Org for Variance Alerts,منظمة اختبار لتنبيهات الفروقات,,,,,,,active,,UTC,USD,1,2026-02-07 11:28:19,1080332,2026-02-06 21:10:21,2026-02-07 11:28:18
330138,Test Org for Journal Entries,منظمة اختبار لقيود اليومية,,,,,,,active,,UTC,USD,1,2026-02-07 11:28:19,1080332,2026-02-06 21:18:20,2026-02-07 11:28:18
330141,Single Admin Org,,ORG-MLBE0GYO-OMB,,60ce5d1b-cdf8-416e-971b-8b53964c7d4f,1261019,,,active,Yemen,UTC,USD,1,2026-02-07 11:28:19,1080332,2026-02-06 21:18:23,2026-02-07 11:28:18
330143,Reuse Admin Org,,ORG-MLBE0GZW-FNN,,9bf9891b-dbf5-4874-8520-4685d6f475a3,1261017,,,active,Syria,UTC,USD,1,2026-02-07 11:28:19,1080332,2026-02-06 21:18:23,2026-02-07 11:28:19
330144,Edit Test Organization,,ORG-MLBE0H0Y-ARZ,,0ffc9c94-cc83-4b17-a5ff-324e43e1fc0e,1261020,,,active,Palestine,UTC,USD,1,2026-02-07 11:28:19,1080332,2026-02-06 21:18:23,2026-02-07 11:28:19
330146,Test Organization,,ORG-MLBE0JG3-CGZ,,542addae-9e0f-4735-a472-f6e8800fb2f1,,,,active,Test Country,UTC,USD,1,2026-02-07 11:28:19,1080332,2026-02-06 21:18:26,2026-02-07 11:28:19
330147,Test Org for Variance Alerts,منظمة اختبار لتنبيهات الفروقات,,,,,,,active,,UTC,USD,1,2026-02-07 11:28:19,1080332,2026-02-06 21:18:27,2026-02-07 11:28:19
330148,Test Org for Journal Entries,منظمة اختبار لقيود اليومية,,,,,,,active,,UTC,USD,1,2026-02-07 11:28:19,1080332,2026-02-06 21:18:41,2026-02-07 11:28:19
330152,Single Admin Org,,ORG-MLBE0X0T-Q1J,,00ecde82-0eef-4da0-8eea-cfe9c5783691,1261019,,,active,Yemen,UTC,USD,1,2026-02-07 11:28:19,1080332,2026-02-06 21:18:44,2026-02-07 11:28:19
330153,Reuse Admin Org,,ORG-MLBE0X1X-7KD,,f909b8e7-f04a-40fe-aae7-e8e9cb50b2b5,1261017,,,active,Syria,UTC,USD,1,2026-02-07 11:28:19,1080332,2026-02-06 21:18:44,2026-02-07 11:28:19
330154,Edit Test Organization,,ORG-MLBE0X2X-D0Z,,1edc9f76-d95e-483b-8d8f-a541ed313105,1261020,,,active,Palestine,UTC,USD,1,2026-02-07 11:28:19,1080332,2026-02-06 21:18:44,2026-02-07 11:28:19
330156,Test Organization,,ORG-MLBE0Z5M-ECW,,d0b6c0f1-8d2b-4610-a452-c998b9b78642,,,,active,Test Country,UTC,USD,1,2026-02-07 11:28:19,1080332,2026-02-06 21:18:47,2026-02-07 11:28:19
330157,Test Org for Variance Alerts,منظمة اختبار لتنبيهات الفروقات,,,,,,,active,,UTC,USD,1,2026-02-07 11:28:19,1080332,2026-02-06 21:18:48,2026-02-07 11:28:19
330158,Test Org for Journal Entries,منظمة اختبار لقيود اليومية,,,,,,,active,,UTC,USD,1,2026-02-07 11:28:19,1080332,2026-02-06 22:29:23,2026-02-07 11:28:19
330162,Single Admin Org,,ORG-MLBGJU31-G7H,,e42d8e3e-bab4-49b6-b9fc-0d1daed39d8b,1261019,,,active,Yemen,UTC,USD,1,2026-02-07 11:28:19,1080332,2026-02-06 22:29:26,2026-02-07 11:28:19
330164,Reuse Admin Org,,ORG-MLBGJU4T-93I,,d1b353e6-8be9-4294-82aa-49658e5805b8,1261017,,,active,Syria,UTC,USD,1,2026-02-07 11:28:19,1080332,2026-02-06 22:29:26,2026-02-07 11:28:19
330165,Edit Test Organization,,ORG-MLBGJU63-0A2,,5d525a34-c8ff-47de-928b-1a8f1fab9a44,1261020,,,active,Palestine,UTC,USD,1,2026-02-07 11:28:19,1080332,2026-02-06 22:29:26,2026-02-07 11:28:19
330166,Test Organization,,ORG-MLBGJWHP-XXR,,492cae6e-eed5-4ba6-87d7-ec02abff798d,,,,active,Test Country,UTC,USD,1,2026-02-07 11:28:19,1080332,2026-02-06 22:29:29,2026-02-07 11:28:19
330167,Test Org for Variance Alerts,منظمة اختبار لتنبيهات الفروقات,,,,,,,active,,UTC,USD,1,2026-02-07 11:28:19,1080332,2026-02-06 22:29:30,2026-02-07 11:28:19
330168,Test Org for Journal Entries,منظمة اختبار لقيود اليومية,,,,,,,active,,UTC,USD,1,2026-02-07 11:28:19,1080332,2026-02-06 22:29:42,2026-02-07 11:28:19
330171,Single Admin Org,,ORG-MLBGK8SU-ZF1,,e1dc5765-08f0-49a5-b2d8-d3f9a6ca0719,1261019,,,active,Yemen,UTC,USD,1,2026-02-07 11:28:19,1080332,2026-02-06 22:29:45,2026-02-07 11:28:19
330173,Reuse Admin Org,,ORG-MLBGK8U1-5UK,,61f4207a-15c0-4094-8859-888217d03d37,1261017,,,active,Syria,UTC,USD,1,2026-02-07 11:28:19,1080332,2026-02-06 22:29:45,2026-02-07 11:28:19
330174,Edit Test Organization,,ORG-MLBGK8V7-OJC,,2cb09757-3dc4-419b-9267-f978523e0bb2,1261020,,,active,Palestine,UTC,USD,1,2026-02-07 11:28:20,1080332,2026-02-06 22:29:45,2026-02-07 11:28:19
330176,Test Organization,,ORG-MLBGKB70-IHN,,d9ff9fe2-882c-46a4-8dd8-a212f7e4f3a3,,,,active,Test Country,UTC,USD,1,2026-02-07 11:28:20,1080332,2026-02-06 22:29:48,2026-02-07 11:28:19
330177,Test Org for Variance Alerts,منظمة اختبار لتنبيهات الفروقات,,,,,,,active,,UTC,USD,1,2026-02-07 11:28:20,1080332,2026-02-06 22:29:49,2026-02-07 11:28:19
330178,Test Org for Journal Entries,منظمة اختبار لقيود اليومية,,,,,,,active,,UTC,USD,1,2026-02-07 11:28:20,1080332,2026-02-06 22:30:01,2026-02-07 11:28:19
330181,Single Admin Org,,ORG-MLBGKNAQ-BWK,,66284de4-4adf-4f80-8a5f-39564f402ae7,1261019,,,active,Yemen,UTC,USD,1,2026-02-07 11:28:20,1080332,2026-02-06 22:30:04,2026-02-07 11:28:19
330183,Reuse Admin Org,,ORG-MLBGKNBX-OTU,,34284ccd-baa8-4e38-af29-0f4bc3250df9,1261017,,,active,Syria,UTC,USD,1,2026-02-07 11:28:20,1080332,2026-02-06 22:30:04,2026-02-07 11:28:19
330184,Edit Test Organization,,ORG-MLBGKNCX-FS3,,8bd22363-4511-4360-aef9-da6e24153013,1261020,,,active,Palestine,UTC,USD,1,2026-02-07 11:28:20,1080332,2026-02-06 22:30:04,2026-02-07 11:28:19
330186,Test Organization,,ORG-MLBGKPVT-IEW,,e894bda8-ea91-4f6c-b1ee-cdb204bb80e9,,,,active,Test Country,UTC,USD,1,2026-02-07 11:28:20,1080332,2026-02-06 22:30:07,2026-02-07 11:28:19
330187,Test Org for Variance Alerts,منظمة اختبار لتنبيهات الفروقات,,,,,,,active,,UTC,USD,1,2026-02-07 11:28:20,1080332,2026-02-06 22:30:10,2026-02-07 11:28:19
330188,Test Org for Journal Entries,منظمة اختبار لقيود اليومية,,,,,,,active,,UTC,USD,1,2026-02-07 11:28:20,1080332,2026-02-06 22:30:20,2026-02-07 11:28:19
330192,Single Admin Org,,ORG-MLBGL1Z8-F1V,,5b5db521-4e1b-41cb-8360-3485eb1e56ea,1261019,,,active,Yemen,UTC,USD,1,2026-02-07 11:28:20,1080332,2026-02-06 22:30:23,2026-02-07 11:28:19
330193,Reuse Admin Org,,ORG-MLBGL20M-CIB,,c701c18b-758d-4fab-bd1d-d0d7586c3a0b,1261017,,,active,Syria,UTC,USD,1,2026-02-07 11:28:20,1080332,2026-02-06 22:30:23,2026-02-07 11:28:19
330194,Edit Test Organization,,ORG-MLBGL229-H1W,,15886e28-94a0-40ea-80ec-b9d1b9888aa0,1261020,,,active,Palestine,UTC,USD,1,2026-02-07 11:28:20,1080332,2026-02-06 22:30:23,2026-02-07 11:28:19
330196,Test Organization,,ORG-MLBGL4AY-E7S,,54f8cd81-4a00-4a81-ab8c-a103b0e2b5ac,,,,active,Test Country,UTC,USD,1,2026-02-07 11:28:20,1080332,2026-02-06 22:30:26,2026-02-07 11:28:19
330197,Test Org for Variance Alerts,منظمة اختبار لتنبيهات الفروقات,,,,,,,active,,UTC,USD,1,2026-02-07 11:28:20,1080332,2026-02-06 22:30:27,2026-02-07 11:28:19
330198,Test Org for Journal Entries,منظمة اختبار لقيود اليومية,,,,,,,active,,UTC,USD,1,2026-02-07 11:28:20,1080332,2026-02-07 00:00:03,2026-02-07 11:28:19
330201,Single Admin Org,,ORG-MLBJSG29-5D6,,ecf884e5-1168-40ae-8621-799d70adaa69,1261019,,,active,Yemen,UTC,USD,1,2026-02-07 11:28:20,1080332,2026-02-07 00:00:06,2026-02-07 11:28:19
330202,Reuse Admin Org,,ORG-MLBJSG3K-9C6,,d477b544-a07d-4169-a361-400fa35d396d,1261017,,,active,Syria,UTC,USD,1,2026-02-07 11:28:20,1080332,2026-02-07 00:00:07,2026-02-07 11:28:19
330204,Edit Test Organization,,ORG-MLBJSG4M-2OO,,9e541224-9f56-4650-acef-3362b80d3891,1261020,,,active,Palestine,UTC,USD,1,2026-02-07 11:28:20,1080332,2026-02-07 00:00:07,2026-02-07 11:28:19
330206,Test Organization,,ORG-MLBJSIPK-8MY,,fa6f3e64-01fc-4b93-8f4b-20969cb1ff9f,,,,active,Test Country,UTC,USD,1,2026-02-07 11:28:20,1080332,2026-02-07 00:00:10,2026-02-07 11:28:20
330207,Test Org for Variance Alerts,منظمة اختبار لتنبيهات الفروقات,,,,,,,active,,UTC,USD,1,2026-02-07 11:28:20,1080332,2026-02-07 00:00:11,2026-02-07 11:28:20
330208,Test Org for Journal Entries,منظمة اختبار لقيود اليومية,,,,,,,active,,UTC,USD,1,2026-02-07 11:28:20,1080332,2026-02-07 00:00:24,2026-02-07 11:28:20
330211,Single Admin Org,,ORG-MLBJSW5F-UYB,,6804b30c-0f21-4eb9-bd59-a31b52512cf6,1261019,,,active,Yemen,UTC,USD,1,2026-02-07 11:28:20,1080332,2026-02-07 00:00:27,2026-02-07 11:28:20
330212,Reuse Admin Org,,ORG-MLBJSW6Q-P5W,,24b6cb8d-d2c3-49e7-9dd8-cddbb558bcca,1261017,,,active,Syria,UTC,USD,1,2026-02-07 11:28:20,1080332,2026-02-07 00:00:27,2026-02-07 11:28:20
330213,Edit Test Organization,,ORG-MLBJSW7T-012,,488187f4-9c22-421a-b015-ecf3c998e2ac,1261020,,,active,Palestine,UTC,USD,1,2026-02-07 11:28:20,1080332,2026-02-07 00:00:27,2026-02-07 11:28:20
330216,Test Organization,,ORG-MLBJSYXK-LBM,,ace42aba-ac74-40c2-aa77-1a8e0bd68d39,,,,active,Test Country,UTC,USD,1,2026-02-07 11:28:20,1080332,2026-02-07 00:00:31,2026-02-07 11:28:20
330217,Test Org for Variance Alerts,منظمة اختبار لتنبيهات الفروقات,,,,,,,active,,UTC,USD,1,2026-02-07 11:28:20,1080332,2026-02-07 00:00:32,2026-02-07 11:28:20
330218,Test Org for Journal Entries,منظمة اختبار لقيود اليومية,,,,,,,active,,UTC,USD,1,2026-02-07 11:28:20,1080332,2026-02-07 02:51:41,2026-02-07 11:28:20
330221,Single Admin Org,,ORG-MLBPX5J8-0V5,,d6353878-4f32-461b-858c-b65014ce2a6b,1261019,,,active,Yemen,UTC,USD,1,2026-02-07 11:28:20,1080332,2026-02-07 02:51:44,2026-02-07 11:28:20
330222,Reuse Admin Org,,ORG-MLBPX5KM-NO0,,e7e8c572-9626-4582-a53b-bf6fd67f525a,1261017,,,active,Syria,UTC,USD,1,2026-02-07 11:28:20,1080332,2026-02-07 02:51:44,2026-02-07 11:28:20
330224,Edit Test Organization,,ORG-MLBPX5LP-3SB,,30c6dbb6-ba0a-4872-919b-d8cccb36ba4a,1261020,,,active,Palestine,UTC,USD,1,2026-02-07 11:28:20,1080332,2026-02-07 02:51:44,2026-02-07 11:28:20
330226,Test Organization,,ORG-MLBPX88A-JOT,,fe875afa-0c58-48ea-a8b7-b22b16d550df,,,,active,Test Country,UTC,USD,1,2026-02-07 11:28:20,1080332,2026-02-07 02:51:47,2026-02-07 11:28:20
330227,Test Org for Variance Alerts,منظمة اختبار لتنبيهات الفروقات,,,,,,,active,,UTC,USD,1,2026-02-07 11:28:20,1080332,2026-02-07 02:51:49,2026-02-07 11:28:20
330228,Test Org for Journal Entries,منظمة اختبار لقيود اليومية,,,,,,,active,,UTC,USD,1,2026-02-07 11:28:20,1080332,2026-02-07 02:52:01,2026-02-07 11:28:20
330231,Single Admin Org,,ORG-MLBPXLF7-N3R,,955932eb-269b-4913-abfb-4065c5e4f6a5,1261019,,,active,Yemen,UTC,USD,1,2026-02-07 11:28:20,1080332,2026-02-07 02:52:04,2026-02-07 11:28:20
330232,Reuse Admin Org,,ORG-MLBPXLGX-2UU,,d937a87b-12bf-43a8-97e5-e9ebab57448d,1261017,,,active,Syria,UTC,USD,1,2026-02-07 11:28:20,1080332,2026-02-07 02:52:04,2026-02-07 11:28:20
330233,Edit Test Organization,,ORG-MLBPXLHZ-9XM,,4ea1a452-8b9f-4672-ac56-92be7e4c16e8,1261020,,,active,Palestine,UTC,USD,1,2026-02-07 11:28:20,1080332,2026-02-07 02:52:05,2026-02-07 11:28:20
330236,Test Organization,,ORG-MLBPXNYO-PT7,,c0f05a28-f863-4b10-b99c-0c4ec7506737,,,,active,Test Country,UTC,USD,1,2026-02-07 11:28:20,1080332,2026-02-07 02:52:08,2026-02-07 11:28:20
330237,Test Org for Variance Alerts,منظمة اختبار لتنبيهات الفروقات,,,,,,,active,,UTC,USD,1,2026-02-07 11:28:20,1080332,2026-02-07 02:52:09,2026-02-07 11:28:20
330238,Test Org for Journal Entries,منظمة اختبار لقيود اليومية,,,,,,,active,,UTC,USD,1,2026-02-07 11:28:21,1080332,2026-02-07 02:52:21,2026-02-07 11:28:20
330241,Single Admin Org,,ORG-MLBPY0PL-6F2,,dd97566e-0c7f-4ac2-8cbb-4fa8b8fc0afe,1261019,,,active,Yemen,UTC,USD,1,2026-02-07 11:28:21,1080332,2026-02-07 02:52:24,2026-02-07 11:28:20
330242,Reuse Admin Org,,ORG-MLBPY0QY-3QG,,25790fec-c019-4f16-9fe2-b738523145d9,1261017,,,active,Syria,UTC,USD,1,2026-02-07 11:28:21,1080332,2026-02-07 02:52:24,2026-02-07 11:28:20
330243,Edit Test Organization,,ORG-MLBPY0S0-EQ2,,d4ce37d7-ed0f-4fc9-b364-033f7953d19e,1261020,,,active,Palestine,UTC,USD,1,2026-02-07 11:28:21,1080332,2026-02-07 02:52:24,2026-02-07 11:28:20
330246,Test Organization,,ORG-MLBPY31Q-Q79,,26e1b56c-3126-4b86-9484-326d4357d4ed,,,,active,Test Country,UTC,USD,1,2026-02-07 11:28:21,1080332,2026-02-07 02:52:27,2026-02-07 11:28:20
330247,Test Org for Variance Alerts,منظمة اختبار لتنبيهات الفروقات,,,,,,,active,,UTC,USD,1,2026-02-07 11:28:21,1080332,2026-02-07 02:52:29,2026-02-07 11:28:20
330248,Test Org for Journal Entries,منظمة اختبار لقيود اليومية,,,,,,,active,,UTC,USD,1,2026-02-07 11:28:21,1080332,2026-02-07 02:52:50,2026-02-07 11:28:20
330251,Single Admin Org,,ORG-MLBPYMQR-MEZ,,fe4abfcf-a468-49b2-835d-6dcf30d2c552,1261019,,,active,Yemen,UTC,USD,1,2026-02-07 11:28:21,1080332,2026-02-07 02:52:53,2026-02-07 11:28:20
330252,Reuse Admin Org,,ORG-MLBPYMRZ-DIP,,292ff248-642c-4958-b902-fd1a8579993c,1261017,,,active,Syria,UTC,USD,1,2026-02-07 11:28:21,1080332,2026-02-07 02:52:53,2026-02-07 11:28:20
330254,Edit Test Organization,,ORG-MLBPYMT2-QG2,,a394e71b-b83c-4d5c-993c-d62e6a2b04f4,1261020,,,active,Palestine,UTC,USD,1,2026-02-07 11:28:21,1080332,2026-02-07 02:52:53,2026-02-07 11:28:20
330256,Test Organization,,ORG-MLBPYPBN-5EW,,562e4ea3-91ca-4eb4-a663-b8ecddb09aeb,,,,active,Test Country,UTC,USD,1,2026-02-07 11:28:21,1080332,2026-02-07 02:52:56,2026-02-07 11:28:20
330257,Test Org for Variance Alerts,منظمة اختبار لتنبيهات الفروقات,,,,,,,active,,UTC,USD,1,2026-02-07 11:28:21,1080332,2026-02-07 02:52:57,2026-02-07 11:28:20
360008,Test Org for Journal Entries,منظمة اختبار لقيود اليومية,,,,,,,active,,UTC,USD,0,,,2026-02-07 12:19:08,2026-02-07 12:19:08
360011,Single Admin Org,,ORG-MLCA6WED-L7K,,7c89538d-b4af-4a70-9a87-f8f26bf6865e,1261019,,,active,Yemen,UTC,USD,0,,,2026-02-07 12:19:11,2026-02-07 12:19:11
360012,Reuse Admin Org,,ORG-MLCA6WFM-N5V,,fac13106-3119-4157-b46e-796b6804e2b3,1261017,,,active,Syria,UTC,USD,0,,,2026-02-07 12:19:11,2026-02-07 12:19:11
360014,Edit Test Organization,,ORG-MLCA6WGK-SJQ,,68ec3c86-f072-4c55-b8b4-b4c0cda0d032,1261020,,,active,Palestine,UTC,USD,0,,,2026-02-07 12:19:11,2026-02-07 12:19:11
360016,Test Organization,,ORG-MLCA6YVT-UFQ,,ce9d9941-f3f5-40d1-a3c8-1f7182aaf0d5,,,,active,Test Country,UTC,USD,0,,,2026-02-07 12:19:14,2026-02-07 12:19:14
360017,Test Org for Variance Alerts,منظمة اختبار لتنبيهات الفروقات,,,,,,,active,,UTC,USD,0,,,2026-02-07 12:19:15,2026-02-07 12:19:15
360018,Test Org for Journal Entries,منظمة اختبار لقيود اليومية,,,,,,,active,,UTC,USD,0,,,2026-02-07 14:05:03,2026-02-07 14:05:03
360021,Single Admin Org,,ORG-MLCDZ494-N2O,,0028e154-5a07-499d-ad54-181ecfe44ff1,1261019,,,active,Yemen,UTC,USD,0,,,2026-02-07 14:05:06,2026-02-07 14:05:06
360022,Reuse Admin Org,,ORG-MLCDZ4AZ-2IG,,0e52bafb-1c9d-41ad-b13d-f28b372ce859,1261017,,,active,Syria,UTC,USD,0,,,2026-02-07 14:05:06,2026-02-07 14:05:06
360024,Edit Test Organization,,ORG-MLCDZ4CN-11C,,d73e8eea-1708-4c4a-a146-186f67fa2324,1261020,,,active,Palestine,UTC,USD,0,,,2026-02-07 14:05:06,2026-02-07 14:05:06
360026,Test Organization,,ORG-MLCDZ7RM-6B4,,ce65c036-91e3-4373-9439-6a7731c69ae6,,,,active,Test Country,UTC,USD,0,,,2026-02-07 14:05:11,2026-02-07 14:05:11
360027,Test Org for Variance Alerts,منظمة اختبار لتنبيهات الفروقات,,,,,,,active,,UTC,USD,0,,,2026-02-07 14:05:12,2026-02-07 14:05:12
360028,Test Org for Journal Entries,منظمة اختبار لقيود اليومية,,,,,,,active,,UTC,USD,0,,,2026-02-07 14:05:26,2026-02-07 14:05:26
360031,Single Admin Org,,ORG-MLCDZM4O-HV3,,a457e63b-a7b5-4984-bc95-1461e007f60d,1261019,,,active,Yemen,UTC,USD,0,,,2026-02-07 14:05:29,2026-02-07 14:05:29
360032,Reuse Admin Org,,ORG-MLCDZM5Y-SYA,,81b64efd-1bb8-43e9-a88d-6fbda78d6640,1261017,,,active,Syria,UTC,USD,0,,,2026-02-07 14:05:29,2026-02-07 14:05:29
360033,Edit Test Organization,,ORG-MLCDZM6Y-DLD,,b8dc0d78-0cc6-430c-bf78-eeb2cd577d0e,1261020,,,active,Palestine,UTC,USD,0,,,2026-02-07 14:05:30,2026-02-07 14:05:30
360036,Test Organization,,ORG-MLCDZQ68-P2F,,f5ad4f05-8d8a-42eb-b3a7-2c5cf635e1c3,,,,active,Test Country,UTC,USD,0,,,2026-02-07 14:05:35,2026-02-07 14:05:35
360037,Test Org for Variance Alerts,منظمة اختبار لتنبيهات الفروقات,,,,,,,active,,UTC,USD,0,,,2026-02-07 14:05:36,2026-02-07 14:05:36
360038,Test Org for Journal Entries,منظمة اختبار لقيود اليومية,,,,,,,active,,UTC,USD,0,,,2026-02-07 16:45:15,2026-02-07 16:45:15
360042,Single Admin Org,,ORG-MLCJP4MZ-H1H,,fe37efcf-bff7-4a21-8b10-401d44ffe297,1261019,,,active,Yemen,UTC,USD,0,,,2026-02-07 16:45:18,2026-02-07 16:45:18
360044,Reuse Admin Org,,ORG-MLCJP4O4-Q7V,,dbc4c6b2-550a-415a-adff-097a648c12e8,1261017,,,active,Syria,UTC,USD,0,,,2026-02-07 16:45:18,2026-02-07 16:45:18
360045,Edit Test Organization,,ORG-MLCJP4P2-QZ5,,153c8e58-df1d-4dff-83ae-a699b86c24ed,1261020,,,active,Palestine,UTC,USD,0,,,2026-02-07 16:45:18,2026-02-07 16:45:18
360046,Test Organization,,ORG-MLCJP8QO-ZEC,,2a6f0958-356d-4cd1-acfe-dcbc560d4222,,,,active,Test Country,UTC,USD,0,,,2026-02-07 16:45:23,2026-02-07 16:45:23
360047,Test Org for Variance Alerts,منظمة اختبار لتنبيهات الفروقات,,,,,,,active,,UTC,USD,0,,,2026-02-07 16:45:24,2026-02-07 16:45:24
360048,Test Org for Journal Entries,منظمة اختبار لقيود اليومية,,,,,,,active,,UTC,USD,0,,,2026-02-07 16:45:40,2026-02-07 16:45:40
360052,Single Admin Org,,ORG-MLCJPNZD-H4F,,a6cf45b1-a816-434d-b135-16c20dad7387,1261019,,,active,Yemen,UTC,USD,0,,,2026-02-07 16:45:43,2026-02-07 16:45:43
360053,Reuse Admin Org,,ORG-MLCJPO0Q-9C8,,6ba21726-5896-44ba-902e-588e622ba6bd,1261017,,,active,Syria,UTC,USD,0,,,2026-02-07 16:45:43,2026-02-07 16:45:43
360054,Edit Test Organization,,ORG-MLCJPO1U-E68,,f0781388-5da7-4b87-b176-caf9f4e34be3,1261020,,,active,Palestine,UTC,USD,0,,,2026-02-07 16:45:43,2026-02-07 16:45:43
360056,Test Organization,,ORG-MLCJPRPL-4FW,,74387a81-256f-47ad-96e4-f6e2c10b83bb,,,,active,Test Country,UTC,USD,0,,,2026-02-07 16:45:48,2026-02-07 16:45:48
360057,Test Org for Variance Alerts,منظمة اختبار لتنبيهات الفروقات,,,,,,,active,,UTC,USD,0,,,2026-02-07 16:45:49,2026-02-07 16:45:49
360058,Test Org for Journal Entries,منظمة اختبار لقيود اليومية,,,,,,,active,,UTC,USD,0,,,2026-02-07 16:46:06,2026-02-07 16:46:06
360063,Single Admin Org,,ORG-MLCJQ7VH-EYE,,2a0d9180-27c8-4f25-9414-c4425d098563,1261019,,,active,Yemen,UTC,USD,0,,,2026-02-07 16:46:09,2026-02-07 16:46:09
360064,Reuse Admin Org,,ORG-MLCJQ7WW-UZ0,,77858565-bc8a-4829-bc59-9e0e525cdb21,1261017,,,active,Syria,UTC,USD,0,,,2026-02-07 16:46:09,2026-02-07 16:46:09
360065,Edit Test Organization,,ORG-MLCJQ7Y1-KAA,,e9c7a1bd-5a1a-4d35-b178-192d7e13d21c,1261020,,,active,Palestine,UTC,USD,0,,,2026-02-07 16:46:09,2026-02-07 16:46:09
360066,Test Organization,,ORG-MLCJQBSH-4AC,,218ed218-1428-4bb9-a44f-edaf42d21540,,,,active,Test Country,UTC,USD,0,,,2026-02-07 16:46:14,2026-02-07 16:46:14
360067,Test Org for Variance Alerts,منظمة اختبار لتنبيهات الفروقات,,,,,,,active,,UTC,USD,0,,,2026-02-07 16:46:15,2026-02-07 16:46:15
360068,Test Org for Journal Entries,منظمة اختبار لقيود اليومية,,,,,,,active,,UTC,USD,0,,,2026-02-07 16:46:31,2026-02-07 16:46:31
360072,Single Admin Org,,ORG-MLCJQR8L-O7C,,ab8d0ba6-5120-49ad-9776-77ce60e53e97,1261019,,,active,Yemen,UTC,USD,0,,,2026-02-07 16:46:34,2026-02-07 16:46:34
360074,Reuse Admin Org,,ORG-MLCJQRA6-7M5,,7a3242fd-5bfc-486c-aa76-86f498e9591a,1261017,,,active,Syria,UTC,USD,0,,,2026-02-07 16:46:34,2026-02-07 16:46:34
360075,Edit Test Organization,,ORG-MLCJQRBA-FRN,,310a1b4b-a247-487a-881b-8d316a57ab38,1261020,,,active,Palestine,UTC,USD,0,,,2026-02-07 16:46:34,2026-02-07 16:46:34
360076,Test Organization,,ORG-MLCJQV45-N90,,1caae58c-ac80-42a7-8855-9087155d08b9,,,,active,Test Country,UTC,USD,0,,,2026-02-07 16:46:39,2026-02-07 16:46:39
360077,Test Org for Variance Alerts,منظمة اختبار لتنبيهات الفروقات,,,,,,,active,,UTC,USD,0,,,2026-02-07 16:46:40,2026-02-07 16:46:40
360078,Test Org for Journal Entries,منظمة اختبار لقيود اليومية,,,,,,,active,,UTC,USD,0,,,2026-02-07 16:47:13,2026-02-07 16:47:13
360083,Single Admin Org,,ORG-MLCJROD4-516,,c4827a27-c40c-4c18-b262-58deb13a6ddb,1261019,,,active,Yemen,UTC,USD,0,,,2026-02-07 16:47:17,2026-02-07 16:47:17
360084,Reuse Admin Org,,ORG-MLCJROEF-U73,,03ce28f6-5de2-4ce8-8583-89efdb9ebe1f,1261017,,,active,Syria,UTC,USD,0,,,2026-02-07 16:47:17,2026-02-07 16:47:17
360085,Edit Test Organization,,ORG-MLCJROFF-KYR,,05e152c6-95c6-4839-9167-2506cdbc1070,1261020,,,active,Palestine,UTC,USD,0,,,2026-02-07 16:47:17,2026-02-07 16:47:17
360086,Test Organization,,ORG-MLCJRS93-CRU,,80b0f09d-276e-4994-b163-a982e256687f,,,,active,Test Country,UTC,USD,0,,,2026-02-07 16:47:22,2026-02-07 16:47:22
360087,Test Org for Variance Alerts,منظمة اختبار لتنبيهات الفروقات,,,,,,,active,,UTC,USD,0,,,2026-02-07 16:47:23,2026-02-07 16:47:23
360088,Test Org for Journal Entries,منظمة اختبار لقيود اليومية,,,,,,,active,,UTC,USD,0,,,2026-02-07 16:47:40,2026-02-07 16:47:40
360092,Single Admin Org,,ORG-MLCJS8VM-1LK,,75f85f1d-b46a-46c4-84de-2b614bc63726,1261019,,,active,Yemen,UTC,USD,0,,,2026-02-07 16:47:43,2026-02-07 16:47:43
360094,Reuse Admin Org,,ORG-MLCJS8WT-112,,655c4bc3-9612-4237-909c-52dc6e2a2edd,1261017,,,active,Syria,UTC,USD,0,,,2026-02-07 16:47:43,2026-02-07 16:47:43
360095,Edit Test Organization,,ORG-MLCJS8XU-EDO,,65e40984-429a-4945-8e6f-a68d8da42cdf,1261020,,,active,Palestine,UTC,USD,0,,,2026-02-07 16:47:43,2026-02-07 16:47:43
360096,Test Organization,,ORG-MLCJSCQL-R6D,,f56947b8-5307-477a-b50b-b410422a6905,,,,active,Test Country,UTC,USD,0,,,2026-02-07 16:47:48,2026-02-07 16:47:48
360097,Test Org for Variance Alerts,منظمة اختبار لتنبيهات الفروقات,,,,,,,active,,UTC,USD,0,,,2026-02-07 16:47:50,2026-02-07 16:47:50
360098,Test Org for Journal Entries,منظمة اختبار لقيود اليومية,,,,,,,active,,UTC,USD,0,,,2026-02-07 16:48:06,2026-02-07 16:48:06
360103,Single Admin Org,,ORG-MLCJSSJE-GKN,,1abc902c-3d09-478c-a987-9c113472d11d,1261019,,,active,Yemen,UTC,USD,0,,,2026-02-07 16:48:09,2026-02-07 16:48:09
360104,Reuse Admin Org,,ORG-MLCJSSKN-6G6,,c0d06db6-7e67-49f5-95cc-2fd6940d6d75,1261017,,,active,Syria,UTC,USD,0,,,2026-02-07 16:48:09,2026-02-07 16:48:09
360105,Edit Test Organization,,ORG-MLCJSSLN-RHJ,,71d25408-3a27-46b5-9bce-8affc8701a5c,1261020,,,active,Palestine,UTC,USD,0,,,2026-02-07 16:48:09,2026-02-07 16:48:09
360106,Test Organization,,ORG-MLCJSWHB-C11,,52058815-336b-40cf-95dc-f7320c826b33,,,,active,Test Country,UTC,USD,0,,,2026-02-07 16:48:14,2026-02-07 16:48:14
360107,Test Org for Variance Alerts,منظمة اختبار لتنبيهات الفروقات,,,,,,,active,,UTC,USD,0,,,2026-02-07 16:48:15,2026-02-07 16:48:15
360108,Test Org for Journal Entries,منظمة اختبار لقيود اليومية,,,,,,,active,,UTC,USD,0,,,2026-02-07 16:49:12,2026-02-07 16:49:12
360112,Single Admin Org,,ORG-MLCJU878-QKC,,5b74c02e-1990-403b-b225-be6d94ee03a9,1261019,,,active,Yemen,UTC,USD,0,,,2026-02-07 16:49:16,2026-02-07 16:49:16
360113,Reuse Admin Org,,ORG-MLCJU88H-W3M,,5f8e9081-0e15-4ad6-ab97-50fab86b3000,1261017,,,active,Syria,UTC,USD,0,,,2026-02-07 16:49:16,2026-02-07 16:49:16
360115,Edit Test Organization,,ORG-MLCJU89Q-NYH,,971b7663-1f82-436a-92ba-170896078fa6,1261020,,,active,Palestine,UTC,USD,0,,,2026-02-07 16:49:16,2026-02-07 16:49:16
360116,Test Organization,,ORG-MLCJUC95-MXG,,44945e66-874f-4f21-b9fa-21bde0d13d94,,,,active,Test Country,UTC,USD,0,,,2026-02-07 16:49:21,2026-02-07 16:49:21
360117,Test Org for Variance Alerts,منظمة اختبار لتنبيهات الفروقات,,,,,,,active,,UTC,USD,0,,,2026-02-07 16:49:22,2026-02-07 16:49:22
360118,Test Org for Journal Entries,منظمة اختبار لقيود اليومية,,,,,,,active,,UTC,USD,0,,,2026-02-07 16:49:38,2026-02-07 16:49:38
360123,Single Admin Org,,ORG-MLCJURLV-QV1,,d40c24ed-f9af-44d4-ac6c-75e299540e5a,1261019,,,active,Yemen,UTC,USD,0,,,2026-02-07 16:49:41,2026-02-07 16:49:41
360124,Reuse Admin Org,,ORG-MLCJURMY-D1Z,,2c0a7578-2daf-4650-990a-1da12dc19123,1261017,,,active,Syria,UTC,USD,0,,,2026-02-07 16:49:41,2026-02-07 16:49:41
360125,Edit Test Organization,,ORG-MLCJURNW-7QD,,00e1c451-e66c-4a17-9882-60f87a4195b8,1261020,,,active,Palestine,UTC,USD,0,,,2026-02-07 16:49:41,2026-02-07 16:49:41
360126,Test Organization,,ORG-MLCJUVQ0-YHY,,3f616fb0-e410-437e-838a-d0c8fec6bb6a,,,,active,Test Country,UTC,USD,0,,,2026-02-07 16:49:46,2026-02-07 16:49:46
360127,Test Org for Variance Alerts,منظمة اختبار لتنبيهات الفروقات,,,,,,,active,,UTC,USD,0,,,2026-02-07 16:49:47,2026-02-07 16:49:47
360128,Test Org for Journal Entries,منظمة اختبار لقيود اليومية,,,,,,,active,,UTC,USD,0,,,2026-02-07 16:50:03,2026-02-07 16:50:03
360133,Single Admin Org,,ORG-MLCJVBCY-BGN,,f298ab08-8320-4c83-a668-228956c1fdb2,1261019,,,active,Yemen,UTC,USD,0,,,2026-02-07 16:50:07,2026-02-07 16:50:07
360134,Reuse Admin Org,,ORG-MLCJVBE4-F9W,,04f919f2-4f2e-4249-b4c0-97d56d3d5a56,1261017,,,active,Syria,UTC,USD,0,,,2026-02-07 16:50:07,2026-02-07 16:50:07
360135,Edit Test Organization,,ORG-MLCJVBF5-OJL,,00b15a52-0efd-4b0c-bdf9-279939861781,1261020,,,active,Palestine,UTC,USD,0,,,2026-02-07 16:50:07,2026-02-07 16:50:07
360136,Test Organization,,ORG-MLCJVF7Z-QWU,,88123366-cb0e-4f98-a393-6dd0cc50c756,,,,active,Test Country,UTC,USD,0,,,2026-02-07 16:50:12,2026-02-07 16:50:12
360137,Test Org for Variance Alerts,منظمة اختبار لتنبيهات الفروقات,,,,,,,active,,UTC,USD,0,,,2026-02-07 16:50:13,2026-02-07 16:50:13
360138,Test Org for Journal Entries,منظمة اختبار لقيود اليومية,,,,,,,active,,UTC,USD,0,,,2026-02-07 17:06:54,2026-02-07 17:06:54
360143,Single Admin Org,,ORG-MLCKGZH4-FDN,,bd028e4e-c3be-4f5f-9225-58697c3cd7b2,1261019,,,active,Yemen,UTC,USD,0,,,2026-02-07 17:06:58,2026-02-07 17:06:58
360144,Reuse Admin Org,,ORG-MLCKGZIP-E2M,,3ae58fea-e058-4956-aabf-f872ca33950c,1261017,,,active,Syria,UTC,USD,0,,,2026-02-07 17:06:58,2026-02-07 17:06:58
360145,Edit Test Organization,,ORG-MLCKGZJX-PN9,,413f82be-167b-4c77-b326-e732940819ad,1261020,,,active,Palestine,UTC,USD,0,,,2026-02-07 17:06:58,2026-02-07 17:06:58
360146,Test Organization,,ORG-MLCKH231-I2J,,ede9045e-07af-4632-9520-8869dfc60247,,,,active,Test Country,UTC,USD,0,,,2026-02-07 17:07:01,2026-02-07 17:07:01
360147,Test Org for Variance Alerts,منظمة اختبار لتنبيهات الفروقات,,,,,,,active,,UTC,USD,0,,,2026-02-07 17:07:02,2026-02-07 17:07:02
360148,Test Org for Journal Entries,منظمة اختبار لقيود اليومية,,,,,,,active,,UTC,USD,0,,,2026-02-07 17:07:17,2026-02-07 17:07:17
360153,Single Admin Org,,ORG-MLCKHHQX-031,,09c22b01-41b4-457e-9e1d-c8cc9dcca8f2,1261019,,,active,Yemen,UTC,USD,0,,,2026-02-07 17:07:21,2026-02-07 17:07:21
360154,Reuse Admin Org,,ORG-MLCKHHS5-642,,4b9dea47-61c9-4cba-89c8-65d96f10a34a,1261017,,,active,Syria,UTC,USD,0,,,2026-02-07 17:07:21,2026-02-07 17:07:21
360155,Edit Test Organization,,ORG-MLCKHHTB-2XA,,2a22a8dd-597b-407a-aa2b-7d960b10ee12,1261020,,,active,Palestine,UTC,USD,0,,,2026-02-07 17:07:21,2026-02-07 17:07:21
360156,Test Organization,,ORG-MLCKHK5N-T6S,,c9f12189-a5c9-42f7-88a9-2618d6344b96,,,,active,Test Country,UTC,USD,0,,,2026-02-07 17:07:24,2026-02-07 17:07:24
360157,Test Org for Variance Alerts,منظمة اختبار لتنبيهات الفروقات,,,,,,,active,,UTC,USD,0,,,2026-02-07 17:07:26,2026-02-07 17:07:26
360158,Test Org for Journal Entries,منظمة اختبار لقيود اليومية,,,,,,,active,,UTC,USD,0,,,2026-02-07 17:07:42,2026-02-07 17:07:42
360163,Single Admin Org,,ORG-MLCKI0P6-AK3,,84978fc3-fcd7-474c-bcbf-3f8e0743a1d1,1261019,,,active,Yemen,UTC,USD,0,,,2026-02-07 17:07:46,2026-02-07 17:07:46
360164,Reuse Admin Org,,ORG-MLCKI0QQ-2DI,,407b26de-517f-46c6-ba21-8403332cb2cc,1261017,,,active,Syria,UTC,USD,0,,,2026-02-07 17:07:46,2026-02-07 17:07:46
360165,Edit Test Organization,,ORG-MLCKI0RS-XQW,,dd0fc1b6-056f-4482-a6d9-9f2ebd7eecf9,1261020,,,active,Palestine,UTC,USD,0,,,2026-02-07 17:07:46,2026-02-07 17:07:46
360166,Test Organization,,ORG-MLCKI3LD-9PP,,2d630d3e-cd14-4802-b8fc-963b266ea001,,,,active,Test Country,UTC,USD,0,,,2026-02-07 17:07:50,2026-02-07 17:07:50
360167,Test Org for Variance Alerts,منظمة اختبار لتنبيهات الفروقات,,,,,,,active,,UTC,USD,0,,,2026-02-07 17:07:51,2026-02-07 17:07:51
360168,Test Org for Journal Entries,منظمة اختبار لقيود اليومية,,,,,,,active,,UTC,USD,0,,,2026-02-07 17:08:07,2026-02-07 17:08:07
360173,Single Admin Org,,ORG-MLCKIK01-E4S,,a21512fb-d6b8-47d5-bb6a-f8577d7b3f6c,1261019,,,active,Yemen,UTC,USD,0,,,2026-02-07 17:08:11,2026-02-07 17:08:11
360174,Reuse Admin Org,,ORG-MLCKIK1O-P34,,ce5b1eaf-4e3a-4fce-a182-c4c2900ed00a,1261017,,,active,Syria,UTC,USD,0,,,2026-02-07 17:08:11,2026-02-07 17:08:11
360175,Edit Test Organization,,ORG-MLCKIK37-KT1,,79693d94-3f72-487c-9c48-4ee0b066a436,1261020,,,active,Palestine,UTC,USD,0,,,2026-02-07 17:08:11,2026-02-07 17:08:11
360176,Test Organization,,ORG-MLCKIMRE-P4B,,f1d6b3ec-4100-47bb-80f7-9c85a2f7ce39,,,,active,Test Country,UTC,USD,0,,,2026-02-07 17:08:14,2026-02-07 17:08:14
360177,Test Org for Variance Alerts,منظمة اختبار لتنبيهات الفروقات,,,,,,,active,,UTC,USD,0,,,2026-02-07 17:08:16,2026-02-07 17:08:16
360178,Test Org for Journal Entries,منظمة اختبار لقيود اليومية,,,,,,,active,,UTC,USD,0,,,2026-02-07 17:08:50,2026-02-07 17:08:50
360183,Single Admin Org,,ORG-MLCKJH9E-WMV,,846c75f1-6c59-4564-9260-3564262c4296,1261019,,,active,Yemen,UTC,USD,0,,,2026-02-07 17:08:54,2026-02-07 17:08:54
360184,Reuse Admin Org,,ORG-MLCKJHAR-1IQ,,ef0a8c8e-7db4-4f2f-a33c-ef87ed802700,1261017,,,active,Syria,UTC,USD,0,,,2026-02-07 17:08:54,2026-02-07 17:08:54
360185,Edit Test Organization,,ORG-MLCKJHC4-6SF,,98d5d96c-86b7-456a-8ee3-804f9019cb24,1261020,,,active,Palestine,UTC,USD,0,,,2026-02-07 17:08:54,2026-02-07 17:08:54
360186,Test Organization,,ORG-MLCKJKFX-NM5,,8d96a7e5-994c-41a7-87bd-c6700b995a83,,,,active,Test Country,UTC,USD,0,,,2026-02-07 17:08:58,2026-02-07 17:08:58
360187,Test Org for Variance Alerts,منظمة اختبار لتنبيهات الفروقات,,,,,,,active,,UTC,USD,0,,,2026-02-07 17:08:59,2026-02-07 17:08:59
360188,Test Org for Journal Entries,منظمة اختبار لقيود اليومية,,,,,,,active,,UTC,USD,0,,,2026-02-07 17:09:16,2026-02-07 17:09:16
360193,Single Admin Org,,ORG-MLCKK1OZ-CFZ,,120511c9-ed66-4726-8f5f-5f66e5a49dc0,1261019,,,active,Yemen,UTC,USD,0,,,2026-02-07 17:09:20,2026-02-07 17:09:20
360194,Reuse Admin Org,,ORG-MLCKK1QK-28V,,6e722cf6-1957-4daf-b31d-94e0eda9b7e4,1261017,,,active,Syria,UTC,USD,0,,,2026-02-07 17:09:20,2026-02-07 17:09:20
360195,Edit Test Organization,,ORG-MLCKK1S6-ROH,,7e27484d-420c-4b97-b376-9022a390b722,1261020,,,active,Palestine,UTC,USD,0,,,2026-02-07 17:09:21,2026-02-07 17:09:21
360196,Test Organization,,ORG-MLCKK4HR-CTG,,ac0f1580-0699-4fd0-a73e-870dfe47dbac,,,,active,Test Country,UTC,USD,0,,,2026-02-07 17:09:24,2026-02-07 17:09:24
360197,Test Org for Variance Alerts,منظمة اختبار لتنبيهات الفروقات,,,,,,,active,,UTC,USD,0,,,2026-02-07 17:09:25,2026-02-07 17:09:25
360198,Test Org for Journal Entries,منظمة اختبار لقيود اليومية,,,,,,,active,,UTC,USD,0,,,2026-02-07 17:28:50,2026-02-07 17:28:50
360203,Single Admin Org,,ORG-MLCL985E-B4R,,cf8efcff-128a-4395-bf43-782022a89e89,1261019,,,active,Yemen,UTC,USD,0,,,2026-02-07 17:28:55,2026-02-07 17:28:55
360204,Reuse Admin Org,,ORG-MLCL9874-COT,,5b61ee30-262c-4861-b211-fc4a7b2885fa,1261017,,,active,Syria,UTC,USD,0,,,2026-02-07 17:28:55,2026-02-07 17:28:55
360205,Edit Test Organization,,ORG-MLCL988G-0VR,,c8ec61d5-3657-4467-8d88-94c46f0f4b89,1261020,,,active,Palestine,UTC,USD,0,,,2026-02-07 17:28:55,2026-02-07 17:28:55
360206,Test Organization,,ORG-MLCL9BHW-XLE,,a28eec54-813c-4fb7-ac43-f8760f3e865e,,,,active,Test Country,UTC,USD,0,,,2026-02-07 17:29:00,2026-02-07 17:29:00
360207,Test Org for Variance Alerts,منظمة اختبار لتنبيهات الفروقات,,,,,,,active,,UTC,USD,0,,,2026-02-07 17:29:01,2026-02-07 17:29:01
360208,Test Org for Journal Entries,منظمة اختبار لقيود اليومية,,,,,,,active,,UTC,USD,0,,,2026-02-07 17:29:21,2026-02-07 17:29:21
360213,Single Admin Org,,ORG-MLCL9WZ0-KS0,,c9546cf0-c9d5-4f5a-99d6-23ec5eecca6f,1261019,,,active,Yemen,UTC,USD,0,,,2026-02-07 17:29:27,2026-02-07 17:29:27
360214,Reuse Admin Org,,ORG-MLCL9X0W-8HX,,73d5a7b9-5d3f-45a9-a866-c7beef7d4812,1261017,,,active,Syria,UTC,USD,0,,,2026-02-07 17:29:27,2026-02-07 17:29:27
360215,Edit Test Organization,,ORG-MLCL9X1Y-ES3,,4be008c2-9e9c-4e82-8dd7-faee89c0e3fd,1261020,,,active,Palestine,UTC,USD,0,,,2026-02-07 17:29:27,2026-02-07 17:29:27
360216,Test Organization,,ORG-MLCLA0UT-7UQ,,192543f1-7477-4c6e-883e-e6e37d4b6917,,,,active,Test Country,UTC,USD,0,,,2026-02-07 17:29:32,2026-02-07 17:29:32
360217,Test Org for Variance Alerts,منظمة اختبار لتنبيهات الفروقات,,,,,,,active,,UTC,USD,0,,,2026-02-07 17:29:34,2026-02-07 17:29:34
360218,Test Org for Journal Entries,منظمة اختبار لقيود اليومية,,,,,,,active,,UTC,USD,0,,,2026-02-07 17:29:53,2026-02-07 17:29:53
360223,Single Admin Org,,ORG-MLCLALE5-8T4,,8bea6686-ee76-4e46-901f-3e6ebd5f8907,1261019,,,active,Yemen,UTC,USD,0,,,2026-02-07 17:29:59,2026-02-07 17:29:59
360224,Reuse Admin Org,,ORG-MLCLALFW-3NF,,077bad33-080f-4abc-b03d-2eb79a524095,1261017,,,active,Syria,UTC,USD,0,,,2026-02-07 17:29:59,2026-02-07 17:29:59
360225,Edit Test Organization,,ORG-MLCLALJO-GNA,,2b16423d-24f6-4dba-97d8-92234d1cddfa,1261020,,,active,Palestine,UTC,USD,0,,,2026-02-07 17:29:59,2026-02-07 17:29:59
360226,Test Organization,,ORG-MLCLAP41-KIX,,8e7d965a-551f-4057-a4a9-760f613a9437,,,,active,Test Country,UTC,USD,0,,,2026-02-07 17:30:04,2026-02-07 17:30:04
360227,Test Org for Variance Alerts,منظمة اختبار لتنبيهات الفروقات,,,,,,,active,,UTC,USD,0,,,2026-02-07 17:30:05,2026-02-07 17:30:05
360228,Test Org for Journal Entries,منظمة اختبار لقيود اليومية,,,,,,,active,,UTC,USD,0,,,2026-02-07 17:41:58,2026-02-07 17:41:58
360233,Single Admin Org,,ORG-MLCLQ3RF-V6S,,ac2275e2-ec8c-470b-aa0c-72538f383ad5,1261019,,,active,Yemen,UTC,USD,0,,,2026-02-07 17:42:03,2026-02-07 17:42:03
360234,Reuse Admin Org,,ORG-MLCLQ3SW-U7B,,80024de9-6c82-4f40-9586-91a2fb181e47,1261017,,,active,Syria,UTC,USD,0,,,2026-02-07 17:42:03,2026-02-07 17:42:03
360235,Edit Test Organization,,ORG-MLCLQ3U6-YY4,,230148e3-cd1e-4c76-8ca8-f9fbe80f59d7,1261020,,,active,Palestine,UTC,USD,0,,,2026-02-07 17:42:03,2026-02-07 17:42:03
360236,Test Organization,,ORG-MLCLQ72G-E5U,,9c3a7fd3-a83c-4493-bcd8-e1a0a7596f43,,,,active,Test Country,UTC,USD,0,,,2026-02-07 17:42:07,2026-02-07 17:42:07
360237,Test Org for Variance Alerts,منظمة اختبار لتنبيهات الفروقات,,,,,,,active,,UTC,USD,0,,,2026-02-07 17:42:08,2026-02-07 17:42:08
360238,Test Org for Journal Entries,منظمة اختبار لقيود اليومية,,,,,,,active,,UTC,USD,0,,,2026-02-07 17:42:26,2026-02-07 17:42:26
360243,Single Admin Org,,ORG-MLCLQPFC-FZP,,4afc1495-dcaa-4f57-b159-049a31fb3bc9,1261019,,,active,Yemen,UTC,USD,0,,,2026-02-07 17:42:31,2026-02-07 17:42:31
360244,Reuse Admin Org,,ORG-MLCLQPGM-6VP,,9b42c0be-8d41-481f-9139-5b8f6095a9ef,1261017,,,active,Syria,UTC,USD,0,,,2026-02-07 17:42:31,2026-02-07 17:42:31
360245,Edit Test Organization,,ORG-MLCLQPHQ-PBN,,effffadf-2354-477f-808f-142af60469eb,1261020,,,active,Palestine,UTC,USD,0,,,2026-02-07 17:42:31,2026-02-07 17:42:31
360246,Test Organization,,ORG-MLCLQSH7-6RJ,,ca1d6b5e-8738-489d-8669-ebaade4e1c6c,,,,active,Test Country,UTC,USD,0,,,2026-02-07 17:42:35,2026-02-07 17:42:35
360247,Test Org for Variance Alerts,منظمة اختبار لتنبيهات الفروقات,,,,,,,active,,UTC,USD,0,,,2026-02-07 17:42:36,2026-02-07 17:42:36
360248,Test Org for Journal Entries,منظمة اختبار لقيود اليومية,,,,,,,active,,UTC,USD,0,,,2026-02-07 17:42:56,2026-02-07 17:42:56
360253,Single Admin Org,,ORG-MLCLRCFN-JO7,,9df0da02-aa7c-4804-b94f-2daf99d969ad,1261019,,,active,Yemen,UTC,USD,0,,,2026-02-07 17:43:01,2026-02-07 17:43:01
360254,Reuse Admin Org,,ORG-MLCLRCHP-OG2,,9c3d639f-6167-4fb4-8811-804b29ca1853,1261017,,,active,Syria,UTC,USD,0,,,2026-02-07 17:43:01,2026-02-07 17:43:01
360255,Edit Test Organization,,ORG-MLCLRCJ2-OEN,,4e32ad0c-101d-440e-9ef2-e1358c37abe0,1261020,,,active,Palestine,UTC,USD,0,,,2026-02-07 17:43:01,2026-02-07 17:43:01
360256,Test Organization,,ORG-MLCLRFP5-U01,,344f9d10-5870-4509-8887-f2ad30a4afac,,,,active,Test Country,UTC,USD,0,,,2026-02-07 17:43:05,2026-02-07 17:43:05
360257,Test Org for Variance Alerts,منظمة اختبار لتنبيهات الفروقات,,,,,,,active,,UTC,USD,0,,,2026-02-07 17:43:06,2026-02-07 17:43:06
360258,Test Org for Journal Entries,منظمة اختبار لقيود اليومية,,,,,,,active,,UTC,USD,0,,,2026-02-07 17:50:14,2026-02-07 17:50:14
360263,Single Admin Org,,ORG-MLCM0Q0G-ITU,,4ac3e264-2e06-4d8e-ab9d-badd1cc0783d,1261019,,,active,Yemen,UTC,USD,0,,,2026-02-07 17:50:18,2026-02-07 17:50:18
360264,Reuse Admin Org,,ORG-MLCM0Q1Y-B5R,,3f11a412-245e-4a83-a476-25ce03eb63fd,1261017,,,active,Syria,UTC,USD,0,,,2026-02-07 17:50:18,2026-02-07 17:50:18
360265,Edit Test Organization,,ORG-MLCM0Q38-ASC,,4805c5dc-8f1d-4494-b445-602a5120e57b,1261020,,,active,Palestine,UTC,USD,0,,,2026-02-07 17:50:18,2026-02-07 17:50:18
360266,Test Organization,,ORG-MLCM0SZQ-JIT,,0dddd253-5e84-4fdd-af7a-55f0a0e4a815,,,,active,Test Country,UTC,USD,0,,,2026-02-07 17:50:22,2026-02-07 17:50:22
360267,Test Org for Variance Alerts,منظمة اختبار لتنبيهات الفروقات,,,,,,,active,,UTC,USD,0,,,2026-02-07 17:50:23,2026-02-07 17:50:23
360268,Test Org for Journal Entries,منظمة اختبار لقيود اليومية,,,,,,,active,,UTC,USD,0,,,2026-02-07 17:50:41,2026-02-07 17:50:41
360273,Single Admin Org,,ORG-MLCM1B42-IDJ,,797864b6-8c43-4b98-9ef0-e2ca315b7bc1,1261019,,,active,Yemen,UTC,USD,0,,,2026-02-07 17:50:45,2026-02-07 17:50:45
360274,Reuse Admin Org,,ORG-MLCM1B5A-R5U,,fd1f04e8-f95c-4d9c-b505-7e8891217436,1261017,,,active,Syria,UTC,USD,0,,,2026-02-07 17:50:45,2026-02-07 17:50:45
360275,Edit Test Organization,,ORG-MLCM1B6B-4FL,,6686566d-fdb0-45c7-9a6c-beedf5aaacb8,1261020,,,active,Palestine,UTC,USD,0,,,2026-02-07 17:50:45,2026-02-07 17:50:45
360276,Test Organization,,ORG-MLCM1E3H-1XJ,,6416aa56-1754-4528-bd5a-9598f5edd9dd,,,,active,Test Country,UTC,USD,0,,,2026-02-07 17:50:49,2026-02-07 17:50:49
360277,Test Org for Variance Alerts,منظمة اختبار لتنبيهات الفروقات,,,,,,,active,,UTC,USD,0,,,2026-02-07 17:50:51,2026-02-07 17:50:51
360278,Test Org for Journal Entries,منظمة اختبار لقيود اليومية,,,,,,,active,,UTC,USD,0,,,2026-02-07 17:58:17,2026-02-07 17:58:17
360283,Single Admin Org,,ORG-MLCMB2BW-14M,,c64f89e4-9894-459d-a88c-eab3114f5406,1261019,,,active,Yemen,UTC,USD,0,,,2026-02-07 17:58:21,2026-02-07 17:58:21
360284,Reuse Admin Org,,ORG-MLCMB2D2-ITF,,deb21aac-755a-4e29-95a2-7625b533c529,1261017,,,active,Syria,UTC,USD,0,,,2026-02-07 17:58:21,2026-02-07 17:58:21
360285,Edit Test Organization,,ORG-MLCMB2EA-X3J,,381a309c-8492-468f-ba7b-531df0c3d3d4,1261020,,,active,Palestine,UTC,USD,0,,,2026-02-07 17:58:21,2026-02-07 17:58:21
360286,Test Organization,,ORG-MLCMB58L-YE3,,2ee9b503-1751-43e1-8609-6722aadd14ec,,,,active,Test Country,UTC,USD,0,,,2026-02-07 17:58:24,2026-02-07 17:58:24
360287,Test Org for Variance Alerts,منظمة اختبار لتنبيهات الفروقات,,,,,,,active,,UTC,USD,0,,,2026-02-07 17:58:25,2026-02-07 17:58:25
360288,Test Org for Journal Entries,منظمة اختبار لقيود اليومية,,,,,,,active,,UTC,USD,0,,,2026-02-07 17:58:43,2026-02-07 17:58:43
360293,Single Admin Org,,ORG-MLCMBMJP-S4Z,,ca8ed525-fefa-4e7a-90c7-76a30761fb61,1261019,,,active,Yemen,UTC,USD,0,,,2026-02-07 17:58:47,2026-02-07 17:58:47
360294,Reuse Admin Org,,ORG-MLCMBMKV-A23,,17a748d2-d6b0-4767-8594-ac2b2e1b4b79,1261017,,,active,Syria,UTC,USD,0,,,2026-02-07 17:58:47,2026-02-07 17:58:47
360295,Edit Test Organization,,ORG-MLCMBMNY-SDF,,a3a28f45-9f9f-4581-bcdc-a66b4763ef57,1261020,,,active,Palestine,UTC,USD,0,,,2026-02-07 17:58:47,2026-02-07 17:58:47
360296,Test Organization,,ORG-MLCMBPG8-AAB,,064fae1a-3245-4449-be51-aec5285bc00b,,,,active,Test Country,UTC,USD,0,,,2026-02-07 17:58:51,2026-02-07 17:58:51
360297,Test Org for Variance Alerts,منظمة اختبار لتنبيهات الفروقات,,,,,,,active,,UTC,USD,0,,,2026-02-07 17:58:52,2026-02-07 17:58:52
