id,userId,organizationId,moduleId,screenId,action,overrideType,reason,expiresAt,isActive,createdBy,createdAt,updatedAt
21,1261017,30001,grants,,export,grant,Test override for effective permissions,,1,1080332,2026-02-07 15:55:41,2026-02-07 15:55:41
22,1261017,30001,projects,,view,grant,Test view override,,1,1080332,2026-02-07 15:55:41,2026-02-07 15:55:41
23,1261017,30001,projects,,create,grant,Test create override,,1,1080332,2026-02-07 15:55:41,2026-02-07 15:55:41
24,1261017,30001,projects,,edit,grant,Test edit override,,1,1080332,2026-02-07 15:55:41,2026-02-07 15:55:41
25,1261017,30001,projects,,delete,grant,Test delete override,,1,1080332,2026-02-07 15:55:41,2026-02-07 15:55:41
26,1261017,30001,projects,,export,grant,Test export override,,1,1080332,2026-02-07 15:55:41,2026-02-07 15:55:41
27,1261017,30001,projects,,approve,grant,Test approve override,,1,1080332,2026-02-07 15:55:41,2026-02-07 15:55:41
28,1261017,30001,projects,,submit,grant,Test submit override,,1,1080332,2026-02-07 15:55:41,2026-02-07 15:55:41
29,1261017,30001,hr,,view,grant,Grant test,,1,1080332,2026-02-07 15:55:41,2026-02-07 15:55:41
30,1261017,30001,hr,,edit,revoke,Revoke test,,1,1080332,2026-02-07 15:55:41,2026-02-07 15:55:41
31,1261017,30001,projects,case_management,view,grant,Temporary case management access,,1,1080332,2026-02-07 15:55:41,2026-02-07 15:55:41
32,1261017,30001,logistics,,create,grant,Module-level override,,1,1080332,2026-02-07 15:55:41,2026-02-07 15:55:41
34,1261017,30001,meal,,view,grant,Permanent override,,1,1080332,2026-02-07 15:55:41,2026-02-07 15:55:41
35,1261017,30001,cases,cases_list,view,grant,Temporary access for case review,2026-02-08 15:55:52,0,1080332,2026-02-07 15:55:52,2026-02-07 15:55:52
37,1261017,30001,grants,,export,grant,Test override for effective permissions,,1,1080332,2026-02-07 15:55:52,2026-02-07 15:55:52
38,1261017,30001,projects,,view,grant,Test view override,,1,1080332,2026-02-07 15:55:52,2026-02-07 15:55:52
39,1261017,30001,projects,,create,grant,Test create override,,1,1080332,2026-02-07 15:55:52,2026-02-07 15:55:52
40,1261017,30001,projects,,edit,grant,Test edit override,,1,1080332,2026-02-07 15:55:52,2026-02-07 15:55:52
41,1261017,30001,projects,,delete,grant,Test delete override,,1,1080332,2026-02-07 15:55:52,2026-02-07 15:55:52
42,1261017,30001,projects,,export,grant,Test export override,,1,1080332,2026-02-07 15:55:52,2026-02-07 15:55:52
43,1261017,30001,projects,,approve,grant,Test approve override,,1,1080332,2026-02-07 15:55:52,2026-02-07 15:55:52
44,1261017,30001,projects,,submit,grant,Test submit override,,1,1080332,2026-02-07 15:55:52,2026-02-07 15:55:52
45,1261017,30001,hr,,view,grant,Grant test,,1,1080332,2026-02-07 15:55:52,2026-02-07 15:55:52
46,1261017,30001,hr,,edit,revoke,Revoke test,,1,1080332,2026-02-07 15:55:52,2026-02-07 15:55:52
47,1261017,30001,projects,case_management,view,grant,Temporary case management access,,1,1080332,2026-02-07 15:55:52,2026-02-07 15:55:52
48,1261017,30001,logistics,,create,grant,Module-level override,,1,1080332,2026-02-07 15:55:52,2026-02-07 15:55:52
50,1261017,30001,meal,,view,grant,Permanent override,,1,1080332,2026-02-07 15:55:52,2026-02-07 15:55:52
53,1261017,30001,grants,,export,grant,Test override for effective permissions,,1,1080332,2026-02-07 15:56:13,2026-02-07 15:56:13
54,1261017,30001,projects,,view,grant,Test view override,,1,1080332,2026-02-07 15:56:13,2026-02-07 15:56:13
55,1261017,30001,projects,,create,grant,Test create override,,1,1080332,2026-02-07 15:56:13,2026-02-07 15:56:13
56,1261017,30001,projects,,edit,grant,Test edit override,,1,1080332,2026-02-07 15:56:13,2026-02-07 15:56:13
57,1261017,30001,projects,,delete,grant,Test delete override,,1,1080332,2026-02-07 15:56:13,2026-02-07 15:56:13
58,1261017,30001,projects,,export,grant,Test export override,,1,1080332,2026-02-07 15:56:13,2026-02-07 15:56:13
59,1261017,30001,projects,,approve,grant,Test approve override,,1,1080332,2026-02-07 15:56:13,2026-02-07 15:56:13
60,1261017,30001,projects,,submit,grant,Test submit override,,1,1080332,2026-02-07 15:56:13,2026-02-07 15:56:13
61,1261017,30001,hr,,view,grant,Grant test,,1,1080332,2026-02-07 15:56:13,2026-02-07 15:56:13
62,1261017,30001,hr,,edit,revoke,Revoke test,,1,1080332,2026-02-07 15:56:13,2026-02-07 15:56:13
63,1261017,30001,projects,case_management,view,grant,Temporary case management access,,1,1080332,2026-02-07 15:56:13,2026-02-07 15:56:13
64,1261017,30001,logistics,,create,grant,Module-level override,,1,1080332,2026-02-07 15:56:13,2026-02-07 15:56:13
66,1261017,30001,meal,,view,grant,Permanent override,,1,1080332,2026-02-07 15:56:13,2026-02-07 15:56:13
67,1261017,30001,cases,cases_list,view,grant,Temporary access for case review,2026-02-08 15:56:28,0,1080332,2026-02-07 15:56:28,2026-02-07 15:56:28
69,1261017,30001,grants,,export,grant,Test override for effective permissions,,1,1080332,2026-02-07 15:56:28,2026-02-07 15:56:28
70,1261017,30001,projects,,view,grant,Test view override,,1,1080332,2026-02-07 15:56:28,2026-02-07 15:56:28
71,1261017,30001,projects,,create,grant,Test create override,,1,1080332,2026-02-07 15:56:28,2026-02-07 15:56:28
72,1261017,30001,projects,,edit,grant,Test edit override,,1,1080332,2026-02-07 15:56:28,2026-02-07 15:56:28
73,1261017,30001,projects,,delete,grant,Test delete override,,1,1080332,2026-02-07 15:56:28,2026-02-07 15:56:28
74,1261017,30001,projects,,export,grant,Test export override,,1,1080332,2026-02-07 15:56:28,2026-02-07 15:56:28
75,1261017,30001,projects,,approve,grant,Test approve override,,1,1080332,2026-02-07 15:56:28,2026-02-07 15:56:28
76,1261017,30001,projects,,submit,grant,Test submit override,,1,1080332,2026-02-07 15:56:28,2026-02-07 15:56:28
77,1261017,30001,hr,,view,grant,Grant test,,1,1080332,2026-02-07 15:56:28,2026-02-07 15:56:28
78,1261017,30001,hr,,edit,revoke,Revoke test,,1,1080332,2026-02-07 15:56:28,2026-02-07 15:56:28
79,1261017,30001,projects,case_management,view,grant,Temporary case management access,,1,1080332,2026-02-07 15:56:28,2026-02-07 15:56:28
80,1261017,30001,logistics,,create,grant,Module-level override,,1,1080332,2026-02-07 15:56:29,2026-02-07 15:56:29
82,1261017,30001,meal,,view,grant,Permanent override,,1,1080332,2026-02-07 15:56:29,2026-02-07 15:56:29
85,1080332,30001,projects,,create,grant,Bulk create override test,,1,1080332,2026-02-07 16:15:32,2026-02-07 16:15:32
86,1080332,30001,projects,,edit,grant,Bulk edit override test,,1,1080332,2026-02-07 16:15:32,2026-02-07 16:15:32
87,1080332,30001,projects,,delete,grant,Bulk delete override test,,1,1080332,2026-02-07 16:15:32,2026-02-07 16:15:32
88,1080332,30001,projects,,export,grant,Bulk export override test,,1,1080332,2026-02-07 16:15:32,2026-02-07 16:15:32
89,1080332,30001,projects,,approve,grant,Bulk approve override test,,1,1080332,2026-02-07 16:15:32,2026-02-07 16:15:32
90,1080332,30001,projects,,submit,grant,Bulk submit override test,,1,1080332,2026-02-07 16:15:32,2026-02-07 16:15:32
98,1080332,30001,projects,,create,grant,Bulk create override test,,1,1080332,2026-02-07 16:16:43,2026-02-07 16:16:43
99,1080332,30001,projects,,edit,grant,Bulk edit override test,,1,1080332,2026-02-07 16:16:43,2026-02-07 16:16:43
100,1080332,30001,projects,,delete,grant,Bulk delete override test,,1,1080332,2026-02-07 16:16:43,2026-02-07 16:16:43
101,1080332,30001,projects,,export,grant,Bulk export override test,,1,1080332,2026-02-07 16:16:43,2026-02-07 16:16:43
102,1080332,30001,projects,,approve,grant,Bulk approve override test,,1,1080332,2026-02-07 16:16:43,2026-02-07 16:16:43
103,1080332,30001,projects,,submit,grant,Bulk submit override test,,1,1080332,2026-02-07 16:16:43,2026-02-07 16:16:43
106,1261017,30001,finance,,export,revoke,Restrict export during audit period,,0,1080332,2026-02-07 16:17:01,2026-02-07 16:17:01
113,1080332,30001,projects,,create,grant,Bulk create override test,,1,1080332,2026-02-07 16:17:01,2026-02-07 16:17:01
114,1080332,30001,projects,,edit,grant,Bulk edit override test,,1,1080332,2026-02-07 16:17:01,2026-02-07 16:17:01
115,1080332,30001,projects,,delete,grant,Bulk delete override test,,1,1080332,2026-02-07 16:17:01,2026-02-07 16:17:01
116,1261017,30001,grants,,export,grant,Test override for effective permissions,,1,1080332,2026-02-07 16:17:01,2026-02-07 16:17:01
117,1080332,30001,projects,,export,grant,Bulk export override test,,1,1080332,2026-02-07 16:17:01,2026-02-07 16:17:01
118,1080332,30001,projects,,approve,grant,Bulk approve override test,,1,1080332,2026-02-07 16:17:01,2026-02-07 16:17:01
119,1261017,30001,projects,,view,grant,Test view override,,1,1080332,2026-02-07 16:17:01,2026-02-07 16:17:01
120,1080332,30001,projects,,submit,grant,Bulk submit override test,,1,1080332,2026-02-07 16:17:01,2026-02-07 16:17:01
121,1261017,30001,projects,,create,grant,Test create override,,1,1080332,2026-02-07 16:17:01,2026-02-07 16:17:01
122,1261017,30001,projects,,edit,grant,Test edit override,,1,1080332,2026-02-07 16:17:01,2026-02-07 16:17:01
123,1261017,30001,projects,,delete,grant,Test delete override,,1,1080332,2026-02-07 16:17:01,2026-02-07 16:17:01
124,1261017,30001,projects,,export,grant,Test export override,,1,1080332,2026-02-07 16:17:01,2026-02-07 16:17:01
125,1261017,30001,projects,,approve,grant,Test approve override,,1,1080332,2026-02-07 16:17:01,2026-02-07 16:17:01
126,1261017,30001,projects,,submit,grant,Test submit override,,1,1080332,2026-02-07 16:17:01,2026-02-07 16:17:01
127,1261017,30001,hr,,view,grant,Grant test,,1,1080332,2026-02-07 16:17:01,2026-02-07 16:17:01
128,1261017,30001,hr,,edit,revoke,Revoke test,,1,1080332,2026-02-07 16:17:01,2026-02-07 16:17:01
129,1261017,30001,projects,case_management,view,grant,Temporary case management access,,1,1080332,2026-02-07 16:17:01,2026-02-07 16:17:01
130,1261017,30001,logistics,,create,grant,Module-level override,,1,1080332,2026-02-07 16:17:01,2026-02-07 16:17:01
131,1261017,30001,finance,,approve,grant,Temporary approval authority during leave coverage,2026-02-14 16:17:02,1,1080332,2026-02-07 16:17:01,2026-02-07 16:17:01
132,1261017,30001,meal,,view,grant,Permanent override,,1,1080332,2026-02-07 16:17:01,2026-02-07 16:17:01
134,1261017,30001,cases,cases_list,view,grant,Temporary access for case review,2026-02-08 16:45:14,0,1080332,2026-02-07 16:45:14,2026-02-07 16:45:14
138,1080332,30001,projects,,create,grant,Bulk create override test,,1,1080332,2026-02-07 16:45:14,2026-02-07 16:45:14
139,1080332,30001,projects,,edit,grant,Bulk edit override test,,1,1080332,2026-02-07 16:45:14,2026-02-07 16:45:14
140,1080332,30001,projects,,delete,grant,Bulk delete override test,,1,1080332,2026-02-07 16:45:14,2026-02-07 16:45:14
141,1080332,30001,projects,,export,grant,Bulk export override test,,1,1080332,2026-02-07 16:45:14,2026-02-07 16:45:14
142,1080332,30001,projects,,approve,grant,Bulk approve override test,,1,1080332,2026-02-07 16:45:14,2026-02-07 16:45:14
143,1080332,30001,projects,,submit,grant,Bulk submit override test,,1,1080332,2026-02-07 16:45:14,2026-02-07 16:45:14
144,1261017,30001,grants,,export,grant,Test override for effective permissions,,1,1080332,2026-02-07 16:45:14,2026-02-07 16:45:14
145,1261017,30001,projects,,view,grant,Test view override,,1,1080332,2026-02-07 16:45:14,2026-02-07 16:45:14
146,1261017,30001,projects,,create,grant,Test create override,,1,1080332,2026-02-07 16:45:14,2026-02-07 16:45:14
147,1261017,30001,projects,,edit,grant,Test edit override,,1,1080332,2026-02-07 16:45:14,2026-02-07 16:45:14
148,1261017,30001,projects,,delete,grant,Test delete override,,1,1080332,2026-02-07 16:45:14,2026-02-07 16:45:14
149,1261017,30001,projects,,export,grant,Test export override,,1,1080332,2026-02-07 16:45:14,2026-02-07 16:45:14
150,1261017,30001,projects,,approve,grant,Test approve override,,1,1080332,2026-02-07 16:45:14,2026-02-07 16:45:14
151,1261017,30001,projects,,submit,grant,Test submit override,,1,1080332,2026-02-07 16:45:14,2026-02-07 16:45:14
152,1261017,30001,hr,,view,grant,Grant test,,1,1080332,2026-02-07 16:45:14,2026-02-07 16:45:14
153,1261017,30001,hr,,edit,revoke,Revoke test,,1,1080332,2026-02-07 16:45:15,2026-02-07 16:45:15
154,1261017,30001,projects,case_management,view,grant,Temporary case management access,,1,1080332,2026-02-07 16:45:15,2026-02-07 16:45:15
155,1261017,30001,logistics,,create,grant,Module-level override,,1,1080332,2026-02-07 16:45:15,2026-02-07 16:45:15
156,1261017,30001,finance,,approve,grant,Temporary approval authority during leave coverage,2026-02-14 16:45:15,1,1080332,2026-02-07 16:45:15,2026-02-07 16:45:15
157,1261017,30001,meal,,view,grant,Permanent override,,1,1080332,2026-02-07 16:45:15,2026-02-07 16:45:15
160,1261017,30001,finance,,export,revoke,Restrict export during audit period,,0,1080332,2026-02-07 16:45:39,2026-02-07 16:45:39
163,1080332,30001,projects,,create,grant,Bulk create override test,,1,1080332,2026-02-07 16:45:39,2026-02-07 16:45:39
164,1080332,30001,projects,,edit,grant,Bulk edit override test,,1,1080332,2026-02-07 16:45:39,2026-02-07 16:45:39
165,1080332,30001,projects,,delete,grant,Bulk delete override test,,1,1080332,2026-02-07 16:45:39,2026-02-07 16:45:39
166,1080332,30001,projects,,export,grant,Bulk export override test,,1,1080332,2026-02-07 16:45:39,2026-02-07 16:45:39
167,1080332,30001,projects,,approve,grant,Bulk approve override test,,1,1080332,2026-02-07 16:45:39,2026-02-07 16:45:39
168,1080332,30001,projects,,submit,grant,Bulk submit override test,,1,1080332,2026-02-07 16:45:39,2026-02-07 16:45:39
169,1261017,30001,grants,,export,grant,Test override for effective permissions,,1,1080332,2026-02-07 16:45:39,2026-02-07 16:45:39
170,1261017,30001,projects,,view,grant,Test view override,,1,1080332,2026-02-07 16:45:40,2026-02-07 16:45:40
171,1261017,30001,projects,,create,grant,Test create override,,1,1080332,2026-02-07 16:45:40,2026-02-07 16:45:40
172,1261017,30001,projects,,edit,grant,Test edit override,,1,1080332,2026-02-07 16:45:40,2026-02-07 16:45:40
173,1261017,30001,projects,,delete,grant,Test delete override,,1,1080332,2026-02-07 16:45:40,2026-02-07 16:45:40
174,1261017,30001,projects,,export,grant,Test export override,,1,1080332,2026-02-07 16:45:40,2026-02-07 16:45:40
175,1261017,30001,projects,,approve,grant,Test approve override,,1,1080332,2026-02-07 16:45:40,2026-02-07 16:45:40
176,1261017,30001,projects,,submit,grant,Test submit override,,1,1080332,2026-02-07 16:45:40,2026-02-07 16:45:40
177,1261017,30001,hr,,view,grant,Grant test,,1,1080332,2026-02-07 16:45:40,2026-02-07 16:45:40
178,1261017,30001,hr,,edit,revoke,Revoke test,,1,1080332,2026-02-07 16:45:40,2026-02-07 16:45:40
179,1261017,30001,projects,case_management,view,grant,Temporary case management access,,1,1080332,2026-02-07 16:45:40,2026-02-07 16:45:40
180,1261017,30001,logistics,,create,grant,Module-level override,,1,1080332,2026-02-07 16:45:40,2026-02-07 16:45:40
181,1261017,30001,finance,,approve,grant,Temporary approval authority during leave coverage,2026-02-14 16:45:40,1,1080332,2026-02-07 16:45:40,2026-02-07 16:45:40
182,1261017,30001,meal,,view,grant,Permanent override,,1,1080332,2026-02-07 16:45:40,2026-02-07 16:45:40
184,1261017,30001,cases,cases_list,view,grant,Temporary access for case review,2026-02-08 16:46:05,0,1080332,2026-02-07 16:46:05,2026-02-07 16:46:05
188,1080332,30001,projects,,create,grant,Bulk create override test,,1,1080332,2026-02-07 16:46:05,2026-02-07 16:46:05
189,1080332,30001,projects,,edit,grant,Bulk edit override test,,1,1080332,2026-02-07 16:46:05,2026-02-07 16:46:05
190,1080332,30001,projects,,delete,grant,Bulk delete override test,,1,1080332,2026-02-07 16:46:05,2026-02-07 16:46:05
191,1080332,30001,projects,,export,grant,Bulk export override test,,1,1080332,2026-02-07 16:46:05,2026-02-07 16:46:05
192,1080332,30001,projects,,approve,grant,Bulk approve override test,,1,1080332,2026-02-07 16:46:05,2026-02-07 16:46:05
193,1080332,30001,projects,,submit,grant,Bulk submit override test,,1,1080332,2026-02-07 16:46:05,2026-02-07 16:46:05
194,1261017,30001,grants,,export,grant,Test override for effective permissions,,1,1080332,2026-02-07 16:46:05,2026-02-07 16:46:05
195,1261017,30001,projects,,view,grant,Test view override,,1,1080332,2026-02-07 16:46:05,2026-02-07 16:46:05
196,1261017,30001,projects,,create,grant,Test create override,,1,1080332,2026-02-07 16:46:05,2026-02-07 16:46:05
197,1261017,30001,projects,,edit,grant,Test edit override,,1,1080332,2026-02-07 16:46:05,2026-02-07 16:46:05
198,1261017,30001,projects,,delete,grant,Test delete override,,1,1080332,2026-02-07 16:46:05,2026-02-07 16:46:05
199,1261017,30001,projects,,export,grant,Test export override,,1,1080332,2026-02-07 16:46:05,2026-02-07 16:46:05
200,1261017,30001,projects,,approve,grant,Test approve override,,1,1080332,2026-02-07 16:46:05,2026-02-07 16:46:05
201,1261017,30001,projects,,submit,grant,Test submit override,,1,1080332,2026-02-07 16:46:05,2026-02-07 16:46:05
202,1261017,30001,hr,,view,grant,Grant test,,1,1080332,2026-02-07 16:46:05,2026-02-07 16:46:05
203,1261017,30001,hr,,edit,revoke,Revoke test,,1,1080332,2026-02-07 16:46:05,2026-02-07 16:46:05
204,1261017,30001,projects,case_management,view,grant,Temporary case management access,,1,1080332,2026-02-07 16:46:06,2026-02-07 16:46:06
205,1261017,30001,logistics,,create,grant,Module-level override,,1,1080332,2026-02-07 16:46:06,2026-02-07 16:46:06
206,1261017,30001,finance,,approve,grant,Temporary approval authority during leave coverage,2026-02-14 16:46:06,1,1080332,2026-02-07 16:46:06,2026-02-07 16:46:06
207,1261017,30001,meal,,view,grant,Permanent override,,1,1080332,2026-02-07 16:46:06,2026-02-07 16:46:06
210,1261017,30001,finance,,export,revoke,Restrict export during audit period,,0,1080332,2026-02-07 16:46:30,2026-02-07 16:46:30
213,1080332,30001,projects,,create,grant,Bulk create override test,,1,1080332,2026-02-07 16:46:30,2026-02-07 16:46:30
214,1080332,30001,projects,,edit,grant,Bulk edit override test,,1,1080332,2026-02-07 16:46:30,2026-02-07 16:46:30
215,1080332,30001,projects,,delete,grant,Bulk delete override test,,1,1080332,2026-02-07 16:46:30,2026-02-07 16:46:30
216,1080332,30001,projects,,export,grant,Bulk export override test,,1,1080332,2026-02-07 16:46:30,2026-02-07 16:46:30
217,1080332,30001,projects,,approve,grant,Bulk approve override test,,1,1080332,2026-02-07 16:46:30,2026-02-07 16:46:30
218,1080332,30001,projects,,submit,grant,Bulk submit override test,,1,1080332,2026-02-07 16:46:30,2026-02-07 16:46:30
219,1261017,30001,grants,,export,grant,Test override for effective permissions,,1,1080332,2026-02-07 16:46:30,2026-02-07 16:46:30
220,1261017,30001,projects,,view,grant,Test view override,,1,1080332,2026-02-07 16:46:30,2026-02-07 16:46:30
221,1261017,30001,projects,,create,grant,Test create override,,1,1080332,2026-02-07 16:46:30,2026-02-07 16:46:30
222,1261017,30001,projects,,edit,grant,Test edit override,,1,1080332,2026-02-07 16:46:30,2026-02-07 16:46:30
223,1261017,30001,projects,,delete,grant,Test delete override,,1,1080332,2026-02-07 16:46:30,2026-02-07 16:46:30
224,1261017,30001,projects,,export,grant,Test export override,,1,1080332,2026-02-07 16:46:30,2026-02-07 16:46:30
225,1261017,30001,projects,,approve,grant,Test approve override,,1,1080332,2026-02-07 16:46:30,2026-02-07 16:46:30
226,1261017,30001,projects,,submit,grant,Test submit override,,1,1080332,2026-02-07 16:46:30,2026-02-07 16:46:30
227,1261017,30001,hr,,view,grant,Grant test,,1,1080332,2026-02-07 16:46:31,2026-02-07 16:46:31
228,1261017,30001,hr,,edit,revoke,Revoke test,,1,1080332,2026-02-07 16:46:31,2026-02-07 16:46:31
229,1261017,30001,projects,case_management,view,grant,Temporary case management access,,1,1080332,2026-02-07 16:46:31,2026-02-07 16:46:31
230,1261017,30001,logistics,,create,grant,Module-level override,,1,1080332,2026-02-07 16:46:31,2026-02-07 16:46:31
231,1261017,30001,finance,,approve,grant,Temporary approval authority during leave coverage,2026-02-14 16:46:31,1,1080332,2026-02-07 16:46:31,2026-02-07 16:46:31
232,1261017,30001,meal,,view,grant,Permanent override,,1,1080332,2026-02-07 16:46:31,2026-02-07 16:46:31
235,1261017,30001,finance,,export,revoke,Restrict export during audit period,,0,1080332,2026-02-07 16:47:12,2026-02-07 16:47:12
238,1080332,30001,projects,,create,grant,Bulk create override test,,1,1080332,2026-02-07 16:47:13,2026-02-07 16:47:13
239,1080332,30001,projects,,edit,grant,Bulk edit override test,,1,1080332,2026-02-07 16:47:13,2026-02-07 16:47:13
240,1080332,30001,projects,,delete,grant,Bulk delete override test,,1,1080332,2026-02-07 16:47:13,2026-02-07 16:47:13
241,1080332,30001,projects,,export,grant,Bulk export override test,,1,1080332,2026-02-07 16:47:13,2026-02-07 16:47:13
242,1080332,30001,projects,,approve,grant,Bulk approve override test,,1,1080332,2026-02-07 16:47:13,2026-02-07 16:47:13
243,1080332,30001,projects,,submit,grant,Bulk submit override test,,1,1080332,2026-02-07 16:47:13,2026-02-07 16:47:13
244,1261017,30001,grants,,export,grant,Test override for effective permissions,,1,1080332,2026-02-07 16:47:13,2026-02-07 16:47:13
245,1261017,30001,projects,,view,grant,Test view override,,1,1080332,2026-02-07 16:47:13,2026-02-07 16:47:13
246,1261017,30001,projects,,create,grant,Test create override,,1,1080332,2026-02-07 16:47:13,2026-02-07 16:47:13
247,1261017,30001,projects,,edit,grant,Test edit override,,1,1080332,2026-02-07 16:47:13,2026-02-07 16:47:13
248,1261017,30001,projects,,delete,grant,Test delete override,,1,1080332,2026-02-07 16:47:13,2026-02-07 16:47:13
249,1261017,30001,projects,,export,grant,Test export override,,1,1080332,2026-02-07 16:47:13,2026-02-07 16:47:13
250,1261017,30001,projects,,approve,grant,Test approve override,,1,1080332,2026-02-07 16:47:13,2026-02-07 16:47:13
251,1261017,30001,projects,,submit,grant,Test submit override,,1,1080332,2026-02-07 16:47:13,2026-02-07 16:47:13
252,1261017,30001,hr,,view,grant,Grant test,,1,1080332,2026-02-07 16:47:13,2026-02-07 16:47:13
253,1261017,30001,hr,,edit,revoke,Revoke test,,1,1080332,2026-02-07 16:47:13,2026-02-07 16:47:13
254,1261017,30001,projects,case_management,view,grant,Temporary case management access,,1,1080332,2026-02-07 16:47:13,2026-02-07 16:47:13
255,1261017,30001,logistics,,create,grant,Module-level override,,1,1080332,2026-02-07 16:47:13,2026-02-07 16:47:13
256,1261017,30001,finance,,approve,grant,Temporary approval authority during leave coverage,2026-02-14 16:47:14,1,1080332,2026-02-07 16:47:13,2026-02-07 16:47:13
257,1261017,30001,meal,,view,grant,Permanent override,,1,1080332,2026-02-07 16:47:13,2026-02-07 16:47:13
260,1261017,30001,finance,,export,revoke,Restrict export during audit period,,0,1080332,2026-02-07 16:47:39,2026-02-07 16:47:39
263,1080332,30001,projects,,create,grant,Bulk create override test,,1,1080332,2026-02-07 16:47:40,2026-02-07 16:47:40
264,1080332,30001,projects,,edit,grant,Bulk edit override test,,1,1080332,2026-02-07 16:47:40,2026-02-07 16:47:40
265,1080332,30001,projects,,delete,grant,Bulk delete override test,,1,1080332,2026-02-07 16:47:40,2026-02-07 16:47:40
266,1080332,30001,projects,,export,grant,Bulk export override test,,1,1080332,2026-02-07 16:47:40,2026-02-07 16:47:40
267,1080332,30001,projects,,approve,grant,Bulk approve override test,,1,1080332,2026-02-07 16:47:40,2026-02-07 16:47:40
268,1080332,30001,projects,,submit,grant,Bulk submit override test,,1,1080332,2026-02-07 16:47:40,2026-02-07 16:47:40
269,1261017,30001,grants,,export,grant,Test override for effective permissions,,1,1080332,2026-02-07 16:47:40,2026-02-07 16:47:40
270,1261017,30001,projects,,view,grant,Test view override,,1,1080332,2026-02-07 16:47:40,2026-02-07 16:47:40
271,1261017,30001,projects,,create,grant,Test create override,,1,1080332,2026-02-07 16:47:40,2026-02-07 16:47:40
272,1261017,30001,projects,,edit,grant,Test edit override,,1,1080332,2026-02-07 16:47:40,2026-02-07 16:47:40
273,1261017,30001,projects,,delete,grant,Test delete override,,1,1080332,2026-02-07 16:47:40,2026-02-07 16:47:40
274,1261017,30001,projects,,export,grant,Test export override,,1,1080332,2026-02-07 16:47:40,2026-02-07 16:47:40
275,1261017,30001,projects,,approve,grant,Test approve override,,1,1080332,2026-02-07 16:47:40,2026-02-07 16:47:40
276,1261017,30001,projects,,submit,grant,Test submit override,,1,1080332,2026-02-07 16:47:40,2026-02-07 16:47:40
277,1261017,30001,hr,,view,grant,Grant test,,1,1080332,2026-02-07 16:47:40,2026-02-07 16:47:40
278,1261017,30001,hr,,edit,revoke,Revoke test,,1,1080332,2026-02-07 16:47:40,2026-02-07 16:47:40
279,1261017,30001,projects,case_management,view,grant,Temporary case management access,,1,1080332,2026-02-07 16:47:40,2026-02-07 16:47:40
280,1261017,30001,logistics,,create,grant,Module-level override,,1,1080332,2026-02-07 16:47:40,2026-02-07 16:47:40
281,1261017,30001,finance,,approve,grant,Temporary approval authority during leave coverage,2026-02-14 16:47:41,1,1080332,2026-02-07 16:47:40,2026-02-07 16:47:40
282,1261017,30001,meal,,view,grant,Permanent override,,1,1080332,2026-02-07 16:47:40,2026-02-07 16:47:40
285,1261017,30001,finance,,export,revoke,Restrict export during audit period,,0,1080332,2026-02-07 16:48:05,2026-02-07 16:48:05
288,1080332,30001,projects,,create,grant,Bulk create override test,,1,1080332,2026-02-07 16:48:05,2026-02-07 16:48:05
289,1080332,30001,projects,,edit,grant,Bulk edit override test,,1,1080332,2026-02-07 16:48:05,2026-02-07 16:48:05
290,1080332,30001,projects,,delete,grant,Bulk delete override test,,1,1080332,2026-02-07 16:48:05,2026-02-07 16:48:05
291,1080332,30001,projects,,export,grant,Bulk export override test,,1,1080332,2026-02-07 16:48:05,2026-02-07 16:48:05
292,1261017,30001,grants,,export,grant,Test override for effective permissions,,1,1080332,2026-02-07 16:48:05,2026-02-07 16:48:05
293,1080332,30001,projects,,approve,grant,Bulk approve override test,,1,1080332,2026-02-07 16:48:05,2026-02-07 16:48:05
294,1080332,30001,projects,,submit,grant,Bulk submit override test,,1,1080332,2026-02-07 16:48:05,2026-02-07 16:48:05
295,1261017,30001,projects,,view,grant,Test view override,,1,1080332,2026-02-07 16:48:05,2026-02-07 16:48:05
296,1261017,30001,projects,,create,grant,Test create override,,1,1080332,2026-02-07 16:48:05,2026-02-07 16:48:05
297,1261017,30001,projects,,edit,grant,Test edit override,,1,1080332,2026-02-07 16:48:05,2026-02-07 16:48:05
298,1261017,30001,projects,,delete,grant,Test delete override,,1,1080332,2026-02-07 16:48:05,2026-02-07 16:48:05
299,1261017,30001,projects,,export,grant,Test export override,,1,1080332,2026-02-07 16:48:05,2026-02-07 16:48:05
300,1261017,30001,projects,,approve,grant,Test approve override,,1,1080332,2026-02-07 16:48:05,2026-02-07 16:48:05
301,1261017,30001,projects,,submit,grant,Test submit override,,1,1080332,2026-02-07 16:48:05,2026-02-07 16:48:05
302,1261017,30001,hr,,view,grant,Grant test,,1,1080332,2026-02-07 16:48:06,2026-02-07 16:48:06
303,1261017,30001,hr,,edit,revoke,Revoke test,,1,1080332,2026-02-07 16:48:06,2026-02-07 16:48:06
304,1261017,30001,projects,case_management,view,grant,Temporary case management access,,1,1080332,2026-02-07 16:48:06,2026-02-07 16:48:06
305,1261017,30001,logistics,,create,grant,Module-level override,,1,1080332,2026-02-07 16:48:06,2026-02-07 16:48:06
306,1261017,30001,finance,,approve,grant,Temporary approval authority during leave coverage,2026-02-14 16:48:06,1,1080332,2026-02-07 16:48:06,2026-02-07 16:48:06
307,1261017,30001,meal,,view,grant,Permanent override,,1,1080332,2026-02-07 16:48:06,2026-02-07 16:48:06
310,1261017,30001,finance,,export,revoke,Restrict export during audit period,,0,1080332,2026-02-07 16:49:11,2026-02-07 16:49:11
313,1080332,30001,projects,,create,grant,Bulk create override test,,1,1080332,2026-02-07 16:49:12,2026-02-07 16:49:12
314,1080332,30001,projects,,edit,grant,Bulk edit override test,,1,1080332,2026-02-07 16:49:12,2026-02-07 16:49:12
315,1080332,30001,projects,,delete,grant,Bulk delete override test,,1,1080332,2026-02-07 16:49:12,2026-02-07 16:49:12
316,1080332,30001,projects,,export,grant,Bulk export override test,,1,1080332,2026-02-07 16:49:12,2026-02-07 16:49:12
317,1080332,30001,projects,,approve,grant,Bulk approve override test,,1,1080332,2026-02-07 16:49:12,2026-02-07 16:49:12
318,1080332,30001,projects,,submit,grant,Bulk submit override test,,1,1080332,2026-02-07 16:49:12,2026-02-07 16:49:12
319,1261017,30001,grants,,export,grant,Test override for effective permissions,,1,1080332,2026-02-07 16:49:12,2026-02-07 16:49:12
320,1261017,30001,projects,,view,grant,Test view override,,1,1080332,2026-02-07 16:49:12,2026-02-07 16:49:12
321,1261017,30001,projects,,create,grant,Test create override,,1,1080332,2026-02-07 16:49:12,2026-02-07 16:49:12
322,1261017,30001,projects,,edit,grant,Test edit override,,1,1080332,2026-02-07 16:49:12,2026-02-07 16:49:12
323,1261017,30001,projects,,delete,grant,Test delete override,,1,1080332,2026-02-07 16:49:12,2026-02-07 16:49:12
324,1261017,30001,projects,,export,grant,Test export override,,1,1080332,2026-02-07 16:49:12,2026-02-07 16:49:12
325,1261017,30001,projects,,approve,grant,Test approve override,,1,1080332,2026-02-07 16:49:12,2026-02-07 16:49:12
326,1261017,30001,projects,,submit,grant,Test submit override,,1,1080332,2026-02-07 16:49:12,2026-02-07 16:49:12
327,1261017,30001,hr,,view,grant,Grant test,,1,1080332,2026-02-07 16:49:12,2026-02-07 16:49:12
328,1261017,30001,hr,,edit,revoke,Revoke test,,1,1080332,2026-02-07 16:49:12,2026-02-07 16:49:12
329,1261017,30001,projects,case_management,view,grant,Temporary case management access,,1,1080332,2026-02-07 16:49:12,2026-02-07 16:49:12
330,1261017,30001,logistics,,create,grant,Module-level override,,1,1080332,2026-02-07 16:49:12,2026-02-07 16:49:12
331,1261017,30001,finance,,approve,grant,Temporary approval authority during leave coverage,2026-02-14 16:49:13,1,1080332,2026-02-07 16:49:12,2026-02-07 16:49:12
332,1261017,30001,meal,,view,grant,Permanent override,,1,1080332,2026-02-07 16:49:12,2026-02-07 16:49:12
335,1261017,30001,finance,,export,revoke,Restrict export during audit period,,0,1080332,2026-02-07 16:49:37,2026-02-07 16:49:37
338,1080332,30001,projects,,create,grant,Bulk create override test,,1,1080332,2026-02-07 16:49:37,2026-02-07 16:49:37
339,1080332,30001,projects,,edit,grant,Bulk edit override test,,1,1080332,2026-02-07 16:49:37,2026-02-07 16:49:37
340,1080332,30001,projects,,delete,grant,Bulk delete override test,,1,1080332,2026-02-07 16:49:37,2026-02-07 16:49:37
341,1080332,30001,projects,,export,grant,Bulk export override test,,1,1080332,2026-02-07 16:49:37,2026-02-07 16:49:37
342,1080332,30001,projects,,approve,grant,Bulk approve override test,,1,1080332,2026-02-07 16:49:37,2026-02-07 16:49:37
343,1080332,30001,projects,,submit,grant,Bulk submit override test,,1,1080332,2026-02-07 16:49:37,2026-02-07 16:49:37
344,1261017,30001,grants,,export,grant,Test override for effective permissions,,1,1080332,2026-02-07 16:49:38,2026-02-07 16:49:38
345,1261017,30001,projects,,view,grant,Test view override,,1,1080332,2026-02-07 16:49:38,2026-02-07 16:49:38
346,1261017,30001,projects,,create,grant,Test create override,,1,1080332,2026-02-07 16:49:38,2026-02-07 16:49:38
347,1261017,30001,projects,,edit,grant,Test edit override,,1,1080332,2026-02-07 16:49:38,2026-02-07 16:49:38
348,1261017,30001,projects,,delete,grant,Test delete override,,1,1080332,2026-02-07 16:49:38,2026-02-07 16:49:38
349,1261017,30001,projects,,export,grant,Test export override,,1,1080332,2026-02-07 16:49:38,2026-02-07 16:49:38
350,1261017,30001,projects,,approve,grant,Test approve override,,1,1080332,2026-02-07 16:49:38,2026-02-07 16:49:38
351,1261017,30001,projects,,submit,grant,Test submit override,,1,1080332,2026-02-07 16:49:38,2026-02-07 16:49:38
352,1261017,30001,hr,,view,grant,Grant test,,1,1080332,2026-02-07 16:49:38,2026-02-07 16:49:38
353,1261017,30001,hr,,edit,revoke,Revoke test,,1,1080332,2026-02-07 16:49:38,2026-02-07 16:49:38
354,1261017,30001,projects,case_management,view,grant,Temporary case management access,,1,1080332,2026-02-07 16:49:38,2026-02-07 16:49:38
355,1261017,30001,logistics,,create,grant,Module-level override,,1,1080332,2026-02-07 16:49:38,2026-02-07 16:49:38
356,1261017,30001,finance,,approve,grant,Temporary approval authority during leave coverage,2026-02-14 16:49:38,1,1080332,2026-02-07 16:49:38,2026-02-07 16:49:38
357,1261017,30001,meal,,view,grant,Permanent override,,1,1080332,2026-02-07 16:49:38,2026-02-07 16:49:38
360,1261017,30001,finance,,export,revoke,Restrict export during audit period,,0,1080332,2026-02-07 16:50:03,2026-02-07 16:50:03
363,1080332,30001,projects,,create,grant,Bulk create override test,,1,1080332,2026-02-07 16:50:03,2026-02-07 16:50:03
364,1080332,30001,projects,,edit,grant,Bulk edit override test,,1,1080332,2026-02-07 16:50:03,2026-02-07 16:50:03
365,1080332,30001,projects,,delete,grant,Bulk delete override test,,1,1080332,2026-02-07 16:50:03,2026-02-07 16:50:03
366,1080332,30001,projects,,export,grant,Bulk export override test,,1,1080332,2026-02-07 16:50:03,2026-02-07 16:50:03
367,1261017,30001,grants,,export,grant,Test override for effective permissions,,1,1080332,2026-02-07 16:50:03,2026-02-07 16:50:03
368,1080332,30001,projects,,approve,grant,Bulk approve override test,,1,1080332,2026-02-07 16:50:03,2026-02-07 16:50:03
369,1080332,30001,projects,,submit,grant,Bulk submit override test,,1,1080332,2026-02-07 16:50:03,2026-02-07 16:50:03
370,1261017,30001,projects,,view,grant,Test view override,,1,1080332,2026-02-07 16:50:03,2026-02-07 16:50:03
371,1261017,30001,projects,,create,grant,Test create override,,1,1080332,2026-02-07 16:50:03,2026-02-07 16:50:03
372,1261017,30001,projects,,edit,grant,Test edit override,,1,1080332,2026-02-07 16:50:03,2026-02-07 16:50:03
373,1261017,30001,projects,,delete,grant,Test delete override,,1,1080332,2026-02-07 16:50:03,2026-02-07 16:50:03
374,1261017,30001,projects,,export,grant,Test export override,,1,1080332,2026-02-07 16:50:03,2026-02-07 16:50:03
375,1261017,30001,projects,,approve,grant,Test approve override,,1,1080332,2026-02-07 16:50:03,2026-02-07 16:50:03
376,1261017,30001,projects,,submit,grant,Test submit override,,1,1080332,2026-02-07 16:50:03,2026-02-07 16:50:03
377,1261017,30001,hr,,view,grant,Grant test,,1,1080332,2026-02-07 16:50:03,2026-02-07 16:50:03
378,1261017,30001,hr,,edit,revoke,Revoke test,,1,1080332,2026-02-07 16:50:03,2026-02-07 16:50:03
379,1261017,30001,projects,case_management,view,grant,Temporary case management access,,1,1080332,2026-02-07 16:50:03,2026-02-07 16:50:03
380,1261017,30001,logistics,,create,grant,Module-level override,,1,1080332,2026-02-07 16:50:03,2026-02-07 16:50:03
381,1261017,30001,finance,,approve,grant,Temporary approval authority during leave coverage,2026-02-14 16:50:04,1,1080332,2026-02-07 16:50:03,2026-02-07 16:50:03
382,1261017,30001,meal,,view,grant,Permanent override,,1,1080332,2026-02-07 16:50:03,2026-02-07 16:50:03
385,1261017,30001,finance,,export,revoke,Restrict export during audit period,,0,1080332,2026-02-07 17:06:52,2026-02-07 17:06:52
388,1080332,30001,projects,,create,grant,Bulk create override test,,1,1080332,2026-02-07 17:06:52,2026-02-07 17:06:52
389,1080332,30001,projects,,edit,grant,Bulk edit override test,,1,1080332,2026-02-07 17:06:52,2026-02-07 17:06:52
390,1080332,30001,projects,,delete,grant,Bulk delete override test,,1,1080332,2026-02-07 17:06:52,2026-02-07 17:06:52
391,1080332,30001,projects,,export,grant,Bulk export override test,,1,1080332,2026-02-07 17:06:52,2026-02-07 17:06:52
392,1080332,30001,projects,,approve,grant,Bulk approve override test,,1,1080332,2026-02-07 17:06:52,2026-02-07 17:06:52
393,1080332,30001,projects,,submit,grant,Bulk submit override test,,1,1080332,2026-02-07 17:06:52,2026-02-07 17:06:52
394,1261017,30001,grants,,export,grant,Test override for effective permissions,,1,1080332,2026-02-07 17:06:52,2026-02-07 17:06:52
395,1261017,30001,projects,,view,grant,Test view override,,1,1080332,2026-02-07 17:06:52,2026-02-07 17:06:52
396,1261017,30001,projects,,create,grant,Test create override,,1,1080332,2026-02-07 17:06:52,2026-02-07 17:06:52
397,1261017,30001,projects,,edit,grant,Test edit override,,1,1080332,2026-02-07 17:06:52,2026-02-07 17:06:52
398,1261017,30001,projects,,delete,grant,Test delete override,,1,1080332,2026-02-07 17:06:53,2026-02-07 17:06:53
399,1261017,30001,projects,,export,grant,Test export override,,1,1080332,2026-02-07 17:06:53,2026-02-07 17:06:53
400,1261017,30001,projects,,approve,grant,Test approve override,,1,1080332,2026-02-07 17:06:53,2026-02-07 17:06:53
401,1261017,30001,projects,,submit,grant,Test submit override,,1,1080332,2026-02-07 17:06:53,2026-02-07 17:06:53
402,1261017,30001,hr,,view,grant,Grant test,,1,1080332,2026-02-07 17:06:53,2026-02-07 17:06:53
403,1261017,30001,hr,,edit,revoke,Revoke test,,1,1080332,2026-02-07 17:06:53,2026-02-07 17:06:53
404,1261017,30001,projects,case_management,view,grant,Temporary case management access,,1,1080332,2026-02-07 17:06:53,2026-02-07 17:06:53
405,1261017,30001,logistics,,create,grant,Module-level override,,1,1080332,2026-02-07 17:06:53,2026-02-07 17:06:53
406,1261017,30001,finance,,approve,grant,Temporary approval authority during leave coverage,2026-02-14 17:06:53,1,1080332,2026-02-07 17:06:53,2026-02-07 17:06:53
407,1261017,30001,meal,,view,grant,Permanent override,,1,1080332,2026-02-07 17:06:53,2026-02-07 17:06:53
410,1261017,30001,finance,,export,revoke,Restrict export during audit period,,0,1080332,2026-02-07 17:07:16,2026-02-07 17:07:16
413,1080332,30001,projects,,create,grant,Bulk create override test,,1,1080332,2026-02-07 17:07:16,2026-02-07 17:07:16
414,1080332,30001,projects,,edit,grant,Bulk edit override test,,1,1080332,2026-02-07 17:07:16,2026-02-07 17:07:16
415,1080332,30001,projects,,delete,grant,Bulk delete override test,,1,1080332,2026-02-07 17:07:16,2026-02-07 17:07:16
416,1080332,30001,projects,,export,grant,Bulk export override test,,1,1080332,2026-02-07 17:07:16,2026-02-07 17:07:16
417,1080332,30001,projects,,approve,grant,Bulk approve override test,,1,1080332,2026-02-07 17:07:16,2026-02-07 17:07:16
418,1080332,30001,projects,,submit,grant,Bulk submit override test,,1,1080332,2026-02-07 17:07:16,2026-02-07 17:07:16
419,1261017,30001,grants,,export,grant,Test override for effective permissions,,1,1080332,2026-02-07 17:07:16,2026-02-07 17:07:16
420,1261017,30001,projects,,view,grant,Test view override,,1,1080332,2026-02-07 17:07:16,2026-02-07 17:07:16
421,1261017,30001,projects,,create,grant,Test create override,,1,1080332,2026-02-07 17:07:16,2026-02-07 17:07:16
422,1261017,30001,projects,,edit,grant,Test edit override,,1,1080332,2026-02-07 17:07:16,2026-02-07 17:07:16
423,1261017,30001,projects,,delete,grant,Test delete override,,1,1080332,2026-02-07 17:07:16,2026-02-07 17:07:16
424,1261017,30001,projects,,export,grant,Test export override,,1,1080332,2026-02-07 17:07:16,2026-02-07 17:07:16
425,1261017,30001,projects,,approve,grant,Test approve override,,1,1080332,2026-02-07 17:07:16,2026-02-07 17:07:16
426,1261017,30001,projects,,submit,grant,Test submit override,,1,1080332,2026-02-07 17:07:16,2026-02-07 17:07:16
427,1261017,30001,hr,,view,grant,Grant test,,1,1080332,2026-02-07 17:07:17,2026-02-07 17:07:17
428,1261017,30001,hr,,edit,revoke,Revoke test,,1,1080332,2026-02-07 17:07:17,2026-02-07 17:07:17
429,1261017,30001,projects,case_management,view,grant,Temporary case management access,,1,1080332,2026-02-07 17:07:17,2026-02-07 17:07:17
430,1261017,30001,logistics,,create,grant,Module-level override,,1,1080332,2026-02-07 17:07:17,2026-02-07 17:07:17
431,1261017,30001,finance,,approve,grant,Temporary approval authority during leave coverage,2026-02-14 17:07:17,1,1080332,2026-02-07 17:07:17,2026-02-07 17:07:17
432,1261017,30001,meal,,view,grant,Permanent override,,1,1080332,2026-02-07 17:07:17,2026-02-07 17:07:17
435,1261017,30001,finance,,export,revoke,Restrict export during audit period,,0,1080332,2026-02-07 17:07:40,2026-02-07 17:07:40
438,1080332,30001,projects,,create,grant,Bulk create override test,,1,1080332,2026-02-07 17:07:40,2026-02-07 17:07:40
439,1080332,30001,projects,,edit,grant,Bulk edit override test,,1,1080332,2026-02-07 17:07:40,2026-02-07 17:07:40
440,1080332,30001,projects,,delete,grant,Bulk delete override test,,1,1080332,2026-02-07 17:07:40,2026-02-07 17:07:40
441,1080332,30001,projects,,export,grant,Bulk export override test,,1,1080332,2026-02-07 17:07:40,2026-02-07 17:07:40
442,1080332,30001,projects,,approve,grant,Bulk approve override test,,1,1080332,2026-02-07 17:07:40,2026-02-07 17:07:40
443,1080332,30001,projects,,submit,grant,Bulk submit override test,,1,1080332,2026-02-07 17:07:40,2026-02-07 17:07:40
444,1261017,30001,grants,,export,grant,Test override for effective permissions,,1,1080332,2026-02-07 17:07:41,2026-02-07 17:07:41
445,1261017,30001,projects,,view,grant,Test view override,,1,1080332,2026-02-07 17:07:41,2026-02-07 17:07:41
446,1261017,30001,projects,,create,grant,Test create override,,1,1080332,2026-02-07 17:07:41,2026-02-07 17:07:41
447,1261017,30001,projects,,edit,grant,Test edit override,,1,1080332,2026-02-07 17:07:41,2026-02-07 17:07:41
448,1261017,30001,projects,,delete,grant,Test delete override,,1,1080332,2026-02-07 17:07:41,2026-02-07 17:07:41
449,1261017,30001,projects,,export,grant,Test export override,,1,1080332,2026-02-07 17:07:41,2026-02-07 17:07:41
450,1261017,30001,projects,,approve,grant,Test approve override,,1,1080332,2026-02-07 17:07:41,2026-02-07 17:07:41
451,1261017,30001,projects,,submit,grant,Test submit override,,1,1080332,2026-02-07 17:07:41,2026-02-07 17:07:41
452,1261017,30001,hr,,view,grant,Grant test,,1,1080332,2026-02-07 17:07:41,2026-02-07 17:07:41
453,1261017,30001,hr,,edit,revoke,Revoke test,,1,1080332,2026-02-07 17:07:41,2026-02-07 17:07:41
454,1261017,30001,projects,case_management,view,grant,Temporary case management access,,1,1080332,2026-02-07 17:07:41,2026-02-07 17:07:41
455,1261017,30001,logistics,,create,grant,Module-level override,,1,1080332,2026-02-07 17:07:41,2026-02-07 17:07:41
456,1261017,30001,finance,,approve,grant,Temporary approval authority during leave coverage,2026-02-14 17:07:41,1,1080332,2026-02-07 17:07:41,2026-02-07 17:07:41
457,1261017,30001,meal,,view,grant,Permanent override,,1,1080332,2026-02-07 17:07:41,2026-02-07 17:07:41
460,1261017,30001,finance,,export,revoke,Restrict export during audit period,,0,1080332,2026-02-07 17:08:05,2026-02-07 17:08:05
463,1080332,30001,projects,,create,grant,Bulk create override test,,1,1080332,2026-02-07 17:08:06,2026-02-07 17:08:06
464,1080332,30001,projects,,edit,grant,Bulk edit override test,,1,1080332,2026-02-07 17:08:06,2026-02-07 17:08:06
465,1080332,30001,projects,,delete,grant,Bulk delete override test,,1,1080332,2026-02-07 17:08:06,2026-02-07 17:08:06
466,1080332,30001,projects,,export,grant,Bulk export override test,,1,1080332,2026-02-07 17:08:06,2026-02-07 17:08:06
467,1080332,30001,projects,,approve,grant,Bulk approve override test,,1,1080332,2026-02-07 17:08:06,2026-02-07 17:08:06
468,1261017,30001,grants,,export,grant,Test override for effective permissions,,1,1080332,2026-02-07 17:08:06,2026-02-07 17:08:06
469,1080332,30001,projects,,submit,grant,Bulk submit override test,,1,1080332,2026-02-07 17:08:06,2026-02-07 17:08:06
470,1261017,30001,projects,,view,grant,Test view override,,1,1080332,2026-02-07 17:08:06,2026-02-07 17:08:06
471,1261017,30001,projects,,create,grant,Test create override,,1,1080332,2026-02-07 17:08:06,2026-02-07 17:08:06
472,1261017,30001,projects,,edit,grant,Test edit override,,1,1080332,2026-02-07 17:08:06,2026-02-07 17:08:06
473,1261017,30001,projects,,delete,grant,Test delete override,,1,1080332,2026-02-07 17:08:06,2026-02-07 17:08:06
474,1261017,30001,projects,,export,grant,Test export override,,1,1080332,2026-02-07 17:08:06,2026-02-07 17:08:06
475,1261017,30001,projects,,approve,grant,Test approve override,,1,1080332,2026-02-07 17:08:06,2026-02-07 17:08:06
476,1261017,30001,projects,,submit,grant,Test submit override,,1,1080332,2026-02-07 17:08:06,2026-02-07 17:08:06
477,1261017,30001,hr,,view,grant,Grant test,,1,1080332,2026-02-07 17:08:06,2026-02-07 17:08:06
478,1261017,30001,hr,,edit,revoke,Revoke test,,1,1080332,2026-02-07 17:08:06,2026-02-07 17:08:06
479,1261017,30001,projects,case_management,view,grant,Temporary case management access,,1,1080332,2026-02-07 17:08:06,2026-02-07 17:08:06
480,1261017,30001,logistics,,create,grant,Module-level override,,1,1080332,2026-02-07 17:08:06,2026-02-07 17:08:06
481,1261017,30001,finance,,approve,grant,Temporary approval authority during leave coverage,2026-02-14 17:08:07,1,1080332,2026-02-07 17:08:06,2026-02-07 17:08:06
482,1261017,30001,meal,,view,grant,Permanent override,,1,1080332,2026-02-07 17:08:06,2026-02-07 17:08:06
485,1261017,30001,finance,,export,revoke,Restrict export during audit period,,0,1080332,2026-02-07 17:08:48,2026-02-07 17:08:48
488,1080332,30001,projects,,create,grant,Bulk create override test,,1,1080332,2026-02-07 17:08:48,2026-02-07 17:08:48
489,1080332,30001,projects,,edit,grant,Bulk edit override test,,1,1080332,2026-02-07 17:08:48,2026-02-07 17:08:48
490,1080332,30001,projects,,delete,grant,Bulk delete override test,,1,1080332,2026-02-07 17:08:48,2026-02-07 17:08:48
491,1261017,30001,grants,,export,grant,Test override for effective permissions,,1,1080332,2026-02-07 17:08:48,2026-02-07 17:08:48
492,1080332,30001,projects,,export,grant,Bulk export override test,,1,1080332,2026-02-07 17:08:48,2026-02-07 17:08:48
493,1080332,30001,projects,,approve,grant,Bulk approve override test,,1,1080332,2026-02-07 17:08:49,2026-02-07 17:08:49
494,1261017,30001,projects,,view,grant,Test view override,,1,1080332,2026-02-07 17:08:49,2026-02-07 17:08:49
495,1080332,30001,projects,,submit,grant,Bulk submit override test,,1,1080332,2026-02-07 17:08:49,2026-02-07 17:08:49
496,1261017,30001,projects,,create,grant,Test create override,,1,1080332,2026-02-07 17:08:49,2026-02-07 17:08:49
497,1261017,30001,projects,,edit,grant,Test edit override,,1,1080332,2026-02-07 17:08:49,2026-02-07 17:08:49
498,1261017,30001,projects,,delete,grant,Test delete override,,1,1080332,2026-02-07 17:08:49,2026-02-07 17:08:49
499,1261017,30001,projects,,export,grant,Test export override,,1,1080332,2026-02-07 17:08:49,2026-02-07 17:08:49
500,1261017,30001,projects,,approve,grant,Test approve override,,1,1080332,2026-02-07 17:08:49,2026-02-07 17:08:49
501,1261017,30001,projects,,submit,grant,Test submit override,,1,1080332,2026-02-07 17:08:49,2026-02-07 17:08:49
502,1261017,30001,hr,,view,grant,Grant test,,1,1080332,2026-02-07 17:08:49,2026-02-07 17:08:49
503,1261017,30001,hr,,edit,revoke,Revoke test,,1,1080332,2026-02-07 17:08:49,2026-02-07 17:08:49
504,1261017,30001,projects,case_management,view,grant,Temporary case management access,,1,1080332,2026-02-07 17:08:49,2026-02-07 17:08:49
505,1261017,30001,logistics,,create,grant,Module-level override,,1,1080332,2026-02-07 17:08:49,2026-02-07 17:08:49
506,1261017,30001,finance,,approve,grant,Temporary approval authority during leave coverage,2026-02-14 17:08:49,1,1080332,2026-02-07 17:08:49,2026-02-07 17:08:49
507,1261017,30001,meal,,view,grant,Permanent override,,1,1080332,2026-02-07 17:08:49,2026-02-07 17:08:49
510,1261017,30001,finance,,export,revoke,Restrict export during audit period,,0,1080332,2026-02-07 17:09:14,2026-02-07 17:09:14
513,1080332,30001,projects,,create,grant,Bulk create override test,,1,1080332,2026-02-07 17:09:14,2026-02-07 17:09:14
514,1080332,30001,projects,,edit,grant,Bulk edit override test,,1,1080332,2026-02-07 17:09:14,2026-02-07 17:09:14
515,1080332,30001,projects,,delete,grant,Bulk delete override test,,1,1080332,2026-02-07 17:09:14,2026-02-07 17:09:14
516,1261017,30001,grants,,export,grant,Test override for effective permissions,,1,1080332,2026-02-07 17:09:15,2026-02-07 17:09:15
517,1080332,30001,projects,,export,grant,Bulk export override test,,1,1080332,2026-02-07 17:09:15,2026-02-07 17:09:15
518,1080332,30001,projects,,approve,grant,Bulk approve override test,,1,1080332,2026-02-07 17:09:15,2026-02-07 17:09:15
519,1080332,30001,projects,,submit,grant,Bulk submit override test,,1,1080332,2026-02-07 17:09:15,2026-02-07 17:09:15
520,1261017,30001,projects,,view,grant,Test view override,,1,1080332,2026-02-07 17:09:15,2026-02-07 17:09:15
521,1261017,30001,projects,,create,grant,Test create override,,1,1080332,2026-02-07 17:09:15,2026-02-07 17:09:15
522,1261017,30001,projects,,edit,grant,Test edit override,,1,1080332,2026-02-07 17:09:15,2026-02-07 17:09:15
523,1261017,30001,projects,,delete,grant,Test delete override,,1,1080332,2026-02-07 17:09:15,2026-02-07 17:09:15
524,1261017,30001,projects,,export,grant,Test export override,,1,1080332,2026-02-07 17:09:15,2026-02-07 17:09:15
525,1261017,30001,projects,,approve,grant,Test approve override,,1,1080332,2026-02-07 17:09:15,2026-02-07 17:09:15
526,1261017,30001,projects,,submit,grant,Test submit override,,1,1080332,2026-02-07 17:09:15,2026-02-07 17:09:15
527,1261017,30001,hr,,view,grant,Grant test,,1,1080332,2026-02-07 17:09:15,2026-02-07 17:09:15
528,1261017,30001,hr,,edit,revoke,Revoke test,,1,1080332,2026-02-07 17:09:15,2026-02-07 17:09:15
529,1261017,30001,projects,case_management,view,grant,Temporary case management access,,1,1080332,2026-02-07 17:09:15,2026-02-07 17:09:15
530,1261017,30001,logistics,,create,grant,Module-level override,,1,1080332,2026-02-07 17:09:15,2026-02-07 17:09:15
531,1261017,30001,finance,,approve,grant,Temporary approval authority during leave coverage,2026-02-14 17:09:16,1,1080332,2026-02-07 17:09:15,2026-02-07 17:09:15
532,1261017,30001,meal,,view,grant,Permanent override,,1,1080332,2026-02-07 17:09:15,2026-02-07 17:09:15
535,1261017,30001,finance,,export,revoke,Restrict export during audit period,,0,1080332,2026-02-07 17:28:48,2026-02-07 17:28:48
538,1080332,30001,projects,,create,grant,Bulk create override test,,1,1080332,2026-02-07 17:28:48,2026-02-07 17:28:48
539,1080332,30001,projects,,edit,grant,Bulk edit override test,,1,1080332,2026-02-07 17:28:48,2026-02-07 17:28:48
540,1080332,30001,projects,,delete,grant,Bulk delete override test,,1,1080332,2026-02-07 17:28:48,2026-02-07 17:28:48
541,1080332,30001,projects,,export,grant,Bulk export override test,,1,1080332,2026-02-07 17:28:48,2026-02-07 17:28:48
542,1080332,30001,projects,,approve,grant,Bulk approve override test,,1,1080332,2026-02-07 17:28:48,2026-02-07 17:28:48
543,1080332,30001,projects,,submit,grant,Bulk submit override test,,1,1080332,2026-02-07 17:28:48,2026-02-07 17:28:48
544,1261017,30001,grants,,export,grant,Test override for effective permissions,,1,1080332,2026-02-07 17:28:48,2026-02-07 17:28:48
545,1261017,30001,projects,,view,grant,Test view override,,1,1080332,2026-02-07 17:28:48,2026-02-07 17:28:48
546,1261017,30001,projects,,create,grant,Test create override,,1,1080332,2026-02-07 17:28:48,2026-02-07 17:28:48
547,1261017,30001,projects,,edit,grant,Test edit override,,1,1080332,2026-02-07 17:28:48,2026-02-07 17:28:48
548,1261017,30001,projects,,delete,grant,Test delete override,,1,1080332,2026-02-07 17:28:48,2026-02-07 17:28:48
549,1261017,30001,projects,,export,grant,Test export override,,1,1080332,2026-02-07 17:28:48,2026-02-07 17:28:48
550,1261017,30001,projects,,approve,grant,Test approve override,,1,1080332,2026-02-07 17:28:48,2026-02-07 17:28:48
551,1261017,30001,projects,,submit,grant,Test submit override,,1,1080332,2026-02-07 17:28:48,2026-02-07 17:28:48
552,1261017,30001,hr,,view,grant,Grant test,,1,1080332,2026-02-07 17:28:48,2026-02-07 17:28:48
553,1261017,30001,hr,,edit,revoke,Revoke test,,1,1080332,2026-02-07 17:28:48,2026-02-07 17:28:48
554,1261017,30001,projects,case_management,view,grant,Temporary case management access,,1,1080332,2026-02-07 17:28:48,2026-02-07 17:28:48
555,1261017,30001,logistics,,create,grant,Module-level override,,1,1080332,2026-02-07 17:28:48,2026-02-07 17:28:48
556,1261017,30001,finance,,approve,grant,Temporary approval authority during leave coverage,2026-02-14 17:28:49,1,1080332,2026-02-07 17:28:48,2026-02-07 17:28:48
557,1261017,30001,meal,,view,grant,Permanent override,,1,1080332,2026-02-07 17:28:48,2026-02-07 17:28:48
560,1261017,30001,finance,,export,revoke,Restrict export during audit period,,0,1080332,2026-02-07 17:29:19,2026-02-07 17:29:19
563,1080332,30001,projects,,create,grant,Bulk create override test,,1,1080332,2026-02-07 17:29:19,2026-02-07 17:29:19
564,1080332,30001,projects,,edit,grant,Bulk edit override test,,1,1080332,2026-02-07 17:29:19,2026-02-07 17:29:19
565,1080332,30001,projects,,delete,grant,Bulk delete override test,,1,1080332,2026-02-07 17:29:19,2026-02-07 17:29:19
566,1080332,30001,projects,,export,grant,Bulk export override test,,1,1080332,2026-02-07 17:29:19,2026-02-07 17:29:19
567,1080332,30001,projects,,approve,grant,Bulk approve override test,,1,1080332,2026-02-07 17:29:19,2026-02-07 17:29:19
568,1080332,30001,projects,,submit,grant,Bulk submit override test,,1,1080332,2026-02-07 17:29:19,2026-02-07 17:29:19
569,1261017,30001,grants,,export,grant,Test override for effective permissions,,1,1080332,2026-02-07 17:29:20,2026-02-07 17:29:20
570,1261017,30001,projects,,view,grant,Test view override,,1,1080332,2026-02-07 17:29:20,2026-02-07 17:29:20
571,1261017,30001,projects,,create,grant,Test create override,,1,1080332,2026-02-07 17:29:20,2026-02-07 17:29:20
572,1261017,30001,projects,,edit,grant,Test edit override,,1,1080332,2026-02-07 17:29:20,2026-02-07 17:29:20
573,1261017,30001,projects,,delete,grant,Test delete override,,1,1080332,2026-02-07 17:29:20,2026-02-07 17:29:20
574,1261017,30001,projects,,export,grant,Test export override,,1,1080332,2026-02-07 17:29:20,2026-02-07 17:29:20
575,1261017,30001,projects,,approve,grant,Test approve override,,1,1080332,2026-02-07 17:29:20,2026-02-07 17:29:20
576,1261017,30001,projects,,submit,grant,Test submit override,,1,1080332,2026-02-07 17:29:20,2026-02-07 17:29:20
577,1261017,30001,hr,,view,grant,Grant test,,1,1080332,2026-02-07 17:29:20,2026-02-07 17:29:20
578,1261017,30001,hr,,edit,revoke,Revoke test,,1,1080332,2026-02-07 17:29:20,2026-02-07 17:29:20
579,1261017,30001,projects,case_management,view,grant,Temporary case management access,,1,1080332,2026-02-07 17:29:20,2026-02-07 17:29:20
580,1261017,30001,logistics,,create,grant,Module-level override,,1,1080332,2026-02-07 17:29:20,2026-02-07 17:29:20
581,1261017,30001,finance,,approve,grant,Temporary approval authority during leave coverage,2026-02-14 17:29:21,1,1080332,2026-02-07 17:29:20,2026-02-07 17:29:20
582,1261017,30001,meal,,view,grant,Permanent override,,1,1080332,2026-02-07 17:29:20,2026-02-07 17:29:20
585,1261017,30001,finance,,export,revoke,Restrict export during audit period,,0,1080332,2026-02-07 17:29:51,2026-02-07 17:29:51
588,1080332,30001,projects,,create,grant,Bulk create override test,,1,1080332,2026-02-07 17:29:51,2026-02-07 17:29:51
589,1080332,30001,projects,,edit,grant,Bulk edit override test,,1,1080332,2026-02-07 17:29:51,2026-02-07 17:29:51
590,1080332,30001,projects,,delete,grant,Bulk delete override test,,1,1080332,2026-02-07 17:29:52,2026-02-07 17:29:52
591,1080332,30001,projects,,export,grant,Bulk export override test,,1,1080332,2026-02-07 17:29:52,2026-02-07 17:29:52
592,1080332,30001,projects,,approve,grant,Bulk approve override test,,1,1080332,2026-02-07 17:29:52,2026-02-07 17:29:52
593,1080332,30001,projects,,submit,grant,Bulk submit override test,,1,1080332,2026-02-07 17:29:52,2026-02-07 17:29:52
594,1261017,30001,grants,,export,grant,Test override for effective permissions,,1,1080332,2026-02-07 17:29:52,2026-02-07 17:29:52
595,1261017,30001,projects,,view,grant,Test view override,,1,1080332,2026-02-07 17:29:52,2026-02-07 17:29:52
596,1261017,30001,projects,,create,grant,Test create override,,1,1080332,2026-02-07 17:29:52,2026-02-07 17:29:52
597,1261017,30001,projects,,edit,grant,Test edit override,,1,1080332,2026-02-07 17:29:52,2026-02-07 17:29:52
598,1261017,30001,projects,,delete,grant,Test delete override,,1,1080332,2026-02-07 17:29:52,2026-02-07 17:29:52
599,1261017,30001,projects,,export,grant,Test export override,,1,1080332,2026-02-07 17:29:52,2026-02-07 17:29:52
600,1261017,30001,projects,,approve,grant,Test approve override,,1,1080332,2026-02-07 17:29:52,2026-02-07 17:29:52
601,1261017,30001,projects,,submit,grant,Test submit override,,1,1080332,2026-02-07 17:29:52,2026-02-07 17:29:52
602,1261017,30001,hr,,view,grant,Grant test,,1,1080332,2026-02-07 17:29:52,2026-02-07 17:29:52
603,1261017,30001,hr,,edit,revoke,Revoke test,,1,1080332,2026-02-07 17:29:52,2026-02-07 17:29:52
604,1261017,30001,projects,case_management,view,grant,Temporary case management access,,1,1080332,2026-02-07 17:29:52,2026-02-07 17:29:52
605,1261017,30001,logistics,,create,grant,Module-level override,,1,1080332,2026-02-07 17:29:52,2026-02-07 17:29:52
606,1261017,30001,finance,,approve,grant,Temporary approval authority during leave coverage,2026-02-14 17:29:53,1,1080332,2026-02-07 17:29:52,2026-02-07 17:29:52
607,1261017,30001,meal,,view,grant,Permanent override,,1,1080332,2026-02-07 17:29:52,2026-02-07 17:29:52
610,1261017,30001,finance,,export,revoke,Restrict export during audit period,,0,1080332,2026-02-07 17:41:56,2026-02-07 17:41:57
613,1080332,30001,projects,,create,grant,Bulk create override test,,1,1080332,2026-02-07 17:41:57,2026-02-07 17:41:57
614,1080332,30001,projects,,edit,grant,Bulk edit override test,,1,1080332,2026-02-07 17:41:57,2026-02-07 17:41:57
615,1080332,30001,projects,,delete,grant,Bulk delete override test,,1,1080332,2026-02-07 17:41:57,2026-02-07 17:41:57
616,1080332,30001,projects,,export,grant,Bulk export override test,,1,1080332,2026-02-07 17:41:57,2026-02-07 17:41:57
617,1080332,30001,projects,,approve,grant,Bulk approve override test,,1,1080332,2026-02-07 17:41:57,2026-02-07 17:41:57
618,1080332,30001,projects,,submit,grant,Bulk submit override test,,1,1080332,2026-02-07 17:41:57,2026-02-07 17:41:57
619,1261017,30001,grants,,export,grant,Test override for effective permissions,,1,1080332,2026-02-07 17:41:57,2026-02-07 17:41:57
620,1261017,30001,projects,,view,grant,Test view override,,1,1080332,2026-02-07 17:41:57,2026-02-07 17:41:57
621,1261017,30001,projects,,create,grant,Test create override,,1,1080332,2026-02-07 17:41:57,2026-02-07 17:41:57
622,1261017,30001,projects,,edit,grant,Test edit override,,1,1080332,2026-02-07 17:41:57,2026-02-07 17:41:57
623,1261017,30001,projects,,delete,grant,Test delete override,,1,1080332,2026-02-07 17:41:57,2026-02-07 17:41:57
624,1261017,30001,projects,,export,grant,Test export override,,1,1080332,2026-02-07 17:41:57,2026-02-07 17:41:57
625,1261017,30001,projects,,approve,grant,Test approve override,,1,1080332,2026-02-07 17:41:57,2026-02-07 17:41:57
626,1261017,30001,projects,,submit,grant,Test submit override,,1,1080332,2026-02-07 17:41:57,2026-02-07 17:41:57
627,1261017,30001,hr,,view,grant,Grant test,,1,1080332,2026-02-07 17:41:57,2026-02-07 17:41:57
628,1261017,30001,hr,,edit,revoke,Revoke test,,1,1080332,2026-02-07 17:41:57,2026-02-07 17:41:57
629,1261017,30001,projects,case_management,view,grant,Temporary case management access,,1,1080332,2026-02-07 17:41:57,2026-02-07 17:41:57
630,1261017,30001,logistics,,create,grant,Module-level override,,1,1080332,2026-02-07 17:41:57,2026-02-07 17:41:57
631,1261017,30001,finance,,approve,grant,Temporary approval authority during leave coverage,2026-02-14 17:41:58,1,1080332,2026-02-07 17:41:57,2026-02-07 17:41:57
632,1261017,30001,meal,,view,grant,Permanent override,,1,1080332,2026-02-07 17:41:57,2026-02-07 17:41:57
635,1261017,30001,finance,,export,revoke,Restrict export during audit period,,0,1080332,2026-02-07 17:42:25,2026-02-07 17:42:25
638,1080332,30001,projects,,create,grant,Bulk create override test,,1,1080332,2026-02-07 17:42:25,2026-02-07 17:42:25
639,1080332,30001,projects,,edit,grant,Bulk edit override test,,1,1080332,2026-02-07 17:42:25,2026-02-07 17:42:25
640,1080332,30001,projects,,delete,grant,Bulk delete override test,,1,1080332,2026-02-07 17:42:25,2026-02-07 17:42:25
641,1080332,30001,projects,,export,grant,Bulk export override test,,1,1080332,2026-02-07 17:42:25,2026-02-07 17:42:25
642,1080332,30001,projects,,approve,grant,Bulk approve override test,,1,1080332,2026-02-07 17:42:25,2026-02-07 17:42:25
643,1080332,30001,projects,,submit,grant,Bulk submit override test,,1,1080332,2026-02-07 17:42:25,2026-02-07 17:42:25
644,1261017,30001,grants,,export,grant,Test override for effective permissions,,1,1080332,2026-02-07 17:42:25,2026-02-07 17:42:25
645,1261017,30001,projects,,view,grant,Test view override,,1,1080332,2026-02-07 17:42:25,2026-02-07 17:42:25
646,1261017,30001,projects,,create,grant,Test create override,,1,1080332,2026-02-07 17:42:25,2026-02-07 17:42:25
647,1261017,30001,projects,,edit,grant,Test edit override,,1,1080332,2026-02-07 17:42:25,2026-02-07 17:42:25
648,1261017,30001,projects,,delete,grant,Test delete override,,1,1080332,2026-02-07 17:42:25,2026-02-07 17:42:25
649,1261017,30001,projects,,export,grant,Test export override,,1,1080332,2026-02-07 17:42:25,2026-02-07 17:42:25
650,1261017,30001,projects,,approve,grant,Test approve override,,1,1080332,2026-02-07 17:42:25,2026-02-07 17:42:25
651,1261017,30001,projects,,submit,grant,Test submit override,,1,1080332,2026-02-07 17:42:25,2026-02-07 17:42:25
652,1261017,30001,hr,,view,grant,Grant test,,1,1080332,2026-02-07 17:42:25,2026-02-07 17:42:25
653,1261017,30001,hr,,edit,revoke,Revoke test,,1,1080332,2026-02-07 17:42:25,2026-02-07 17:42:25
654,1261017,30001,projects,case_management,view,grant,Temporary case management access,,1,1080332,2026-02-07 17:42:25,2026-02-07 17:42:25
655,1261017,30001,logistics,,create,grant,Module-level override,,1,1080332,2026-02-07 17:42:25,2026-02-07 17:42:25
656,1261017,30001,finance,,approve,grant,Temporary approval authority during leave coverage,2026-02-14 17:42:26,1,1080332,2026-02-07 17:42:25,2026-02-07 17:42:25
657,1261017,30001,meal,,view,grant,Permanent override,,1,1080332,2026-02-07 17:42:25,2026-02-07 17:42:25
660,1261017,30001,finance,,export,revoke,Restrict export during audit period,,0,1080332,2026-02-07 17:42:54,2026-02-07 17:42:54
663,1080332,30001,projects,,create,grant,Bulk create override test,,1,1080332,2026-02-07 17:42:54,2026-02-07 17:42:54
664,1080332,30001,projects,,edit,grant,Bulk edit override test,,1,1080332,2026-02-07 17:42:54,2026-02-07 17:42:54
665,1080332,30001,projects,,delete,grant,Bulk delete override test,,1,1080332,2026-02-07 17:42:54,2026-02-07 17:42:54
666,1080332,30001,projects,,export,grant,Bulk export override test,,1,1080332,2026-02-07 17:42:54,2026-02-07 17:42:54
667,1080332,30001,projects,,approve,grant,Bulk approve override test,,1,1080332,2026-02-07 17:42:54,2026-02-07 17:42:54
668,1080332,30001,projects,,submit,grant,Bulk submit override test,,1,1080332,2026-02-07 17:42:54,2026-02-07 17:42:54
669,1261017,30001,grants,,export,grant,Test override for effective permissions,,1,1080332,2026-02-07 17:42:54,2026-02-07 17:42:54
670,1261017,30001,projects,,view,grant,Test view override,,1,1080332,2026-02-07 17:42:54,2026-02-07 17:42:54
671,1261017,30001,projects,,create,grant,Test create override,,1,1080332,2026-02-07 17:42:54,2026-02-07 17:42:54
672,1261017,30001,projects,,edit,grant,Test edit override,,1,1080332,2026-02-07 17:42:54,2026-02-07 17:42:54
673,1261017,30001,projects,,delete,grant,Test delete override,,1,1080332,2026-02-07 17:42:54,2026-02-07 17:42:54
674,1261017,30001,projects,,export,grant,Test export override,,1,1080332,2026-02-07 17:42:54,2026-02-07 17:42:54
675,1261017,30001,projects,,approve,grant,Test approve override,,1,1080332,2026-02-07 17:42:54,2026-02-07 17:42:54
676,1261017,30001,projects,,submit,grant,Test submit override,,1,1080332,2026-02-07 17:42:54,2026-02-07 17:42:54
677,1261017,30001,hr,,view,grant,Grant test,,1,1080332,2026-02-07 17:42:54,2026-02-07 17:42:54
678,1261017,30001,hr,,edit,revoke,Revoke test,,1,1080332,2026-02-07 17:42:55,2026-02-07 17:42:55
679,1261017,30001,projects,case_management,view,grant,Temporary case management access,,1,1080332,2026-02-07 17:42:55,2026-02-07 17:42:55
680,1261017,30001,logistics,,create,grant,Module-level override,,1,1080332,2026-02-07 17:42:55,2026-02-07 17:42:55
681,1261017,30001,finance,,approve,grant,Temporary approval authority during leave coverage,2026-02-14 17:42:55,1,1080332,2026-02-07 17:42:55,2026-02-07 17:42:55
682,1261017,30001,meal,,view,grant,Permanent override,,1,1080332,2026-02-07 17:42:55,2026-02-07 17:42:55
685,1261017,30001,finance,,export,revoke,Restrict export during audit period,,0,1080332,2026-02-07 17:50:12,2026-02-07 17:50:12
688,1080332,30001,projects,,create,grant,Bulk create override test,,1,1080332,2026-02-07 17:50:12,2026-02-07 17:50:12
689,1080332,30001,projects,,edit,grant,Bulk edit override test,,1,1080332,2026-02-07 17:50:12,2026-02-07 17:50:12
690,1080332,30001,projects,,delete,grant,Bulk delete override test,,1,1080332,2026-02-07 17:50:12,2026-02-07 17:50:12
691,1080332,30001,projects,,export,grant,Bulk export override test,,1,1080332,2026-02-07 17:50:12,2026-02-07 17:50:12
692,1080332,30001,projects,,approve,grant,Bulk approve override test,,1,1080332,2026-02-07 17:50:12,2026-02-07 17:50:12
693,1080332,30001,projects,,submit,grant,Bulk submit override test,,1,1080332,2026-02-07 17:50:12,2026-02-07 17:50:12
694,1261017,30001,grants,,export,grant,Test override for effective permissions,,1,1080332,2026-02-07 17:50:12,2026-02-07 17:50:12
695,1261017,30001,projects,,view,grant,Test view override,,1,1080332,2026-02-07 17:50:12,2026-02-07 17:50:12
696,1261017,30001,projects,,create,grant,Test create override,,1,1080332,2026-02-07 17:50:13,2026-02-07 17:50:13
697,1261017,30001,projects,,edit,grant,Test edit override,,1,1080332,2026-02-07 17:50:13,2026-02-07 17:50:13
698,1261017,30001,projects,,delete,grant,Test delete override,,1,1080332,2026-02-07 17:50:13,2026-02-07 17:50:13
699,1261017,30001,projects,,export,grant,Test export override,,1,1080332,2026-02-07 17:50:13,2026-02-07 17:50:13
700,1261017,30001,projects,,approve,grant,Test approve override,,1,1080332,2026-02-07 17:50:13,2026-02-07 17:50:13
701,1261017,30001,projects,,submit,grant,Test submit override,,1,1080332,2026-02-07 17:50:13,2026-02-07 17:50:13
702,1261017,30001,hr,,view,grant,Grant test,,1,1080332,2026-02-07 17:50:13,2026-02-07 17:50:13
703,1261017,30001,hr,,edit,revoke,Revoke test,,1,1080332,2026-02-07 17:50:13,2026-02-07 17:50:13
704,1261017,30001,projects,case_management,view,grant,Temporary case management access,,1,1080332,2026-02-07 17:50:13,2026-02-07 17:50:13
705,1261017,30001,logistics,,create,grant,Module-level override,,1,1080332,2026-02-07 17:50:13,2026-02-07 17:50:13
706,1261017,30001,finance,,approve,grant,Temporary approval authority during leave coverage,2026-02-14 17:50:13,1,1080332,2026-02-07 17:50:13,2026-02-07 17:50:13
707,1261017,30001,meal,,view,grant,Permanent override,,1,1080332,2026-02-07 17:50:13,2026-02-07 17:50:13
710,1261017,30001,finance,,export,revoke,Restrict export during audit period,,0,1080332,2026-02-07 17:50:39,2026-02-07 17:50:40
713,1080332,30001,projects,,create,grant,Bulk create override test,,1,1080332,2026-02-07 17:50:40,2026-02-07 17:50:40
714,1080332,30001,projects,,edit,grant,Bulk edit override test,,1,1080332,2026-02-07 17:50:40,2026-02-07 17:50:40
715,1080332,30001,projects,,delete,grant,Bulk delete override test,,1,1080332,2026-02-07 17:50:40,2026-02-07 17:50:40
716,1080332,30001,projects,,export,grant,Bulk export override test,,1,1080332,2026-02-07 17:50:40,2026-02-07 17:50:40
717,1080332,30001,projects,,approve,grant,Bulk approve override test,,1,1080332,2026-02-07 17:50:40,2026-02-07 17:50:40
718,1080332,30001,projects,,submit,grant,Bulk submit override test,,1,1080332,2026-02-07 17:50:40,2026-02-07 17:50:40
719,1261017,30001,grants,,export,grant,Test override for effective permissions,,1,1080332,2026-02-07 17:50:40,2026-02-07 17:50:40
720,1261017,30001,projects,,view,grant,Test view override,,1,1080332,2026-02-07 17:50:40,2026-02-07 17:50:40
721,1261017,30001,projects,,create,grant,Test create override,,1,1080332,2026-02-07 17:50:40,2026-02-07 17:50:40
722,1261017,30001,projects,,edit,grant,Test edit override,,1,1080332,2026-02-07 17:50:40,2026-02-07 17:50:40
723,1261017,30001,projects,,delete,grant,Test delete override,,1,1080332,2026-02-07 17:50:40,2026-02-07 17:50:40
724,1261017,30001,projects,,export,grant,Test export override,,1,1080332,2026-02-07 17:50:40,2026-02-07 17:50:40
725,1261017,30001,projects,,approve,grant,Test approve override,,1,1080332,2026-02-07 17:50:40,2026-02-07 17:50:40
726,1261017,30001,projects,,submit,grant,Test submit override,,1,1080332,2026-02-07 17:50:40,2026-02-07 17:50:40
727,1261017,30001,hr,,view,grant,Grant test,,1,1080332,2026-02-07 17:50:40,2026-02-07 17:50:40
728,1261017,30001,hr,,edit,revoke,Revoke test,,1,1080332,2026-02-07 17:50:40,2026-02-07 17:50:40
729,1261017,30001,projects,case_management,view,grant,Temporary case management access,,1,1080332,2026-02-07 17:50:40,2026-02-07 17:50:40
730,1261017,30001,logistics,,create,grant,Module-level override,,1,1080332,2026-02-07 17:50:40,2026-02-07 17:50:40
731,1261017,30001,finance,,approve,grant,Temporary approval authority during leave coverage,2026-02-14 17:50:41,1,1080332,2026-02-07 17:50:40,2026-02-07 17:50:40
732,1261017,30001,meal,,view,grant,Permanent override,,1,1080332,2026-02-07 17:50:40,2026-02-07 17:50:40
735,1261017,30001,finance,,export,revoke,Restrict export during audit period,,0,1080332,2026-02-07 17:58:15,2026-02-07 17:58:15
738,1080332,30001,projects,,create,grant,Bulk create override test,,1,1080332,2026-02-07 17:58:15,2026-02-07 17:58:15
739,1080332,30001,projects,,edit,grant,Bulk edit override test,,1,1080332,2026-02-07 17:58:15,2026-02-07 17:58:15
740,1080332,30001,projects,,delete,grant,Bulk delete override test,,1,1080332,2026-02-07 17:58:15,2026-02-07 17:58:15
741,1080332,30001,projects,,export,grant,Bulk export override test,,1,1080332,2026-02-07 17:58:15,2026-02-07 17:58:15
742,1080332,30001,projects,,approve,grant,Bulk approve override test,,1,1080332,2026-02-07 17:58:15,2026-02-07 17:58:15
743,1080332,30001,projects,,submit,grant,Bulk submit override test,,1,1080332,2026-02-07 17:58:15,2026-02-07 17:58:15
744,1261017,30001,grants,,export,grant,Test override for effective permissions,,1,1080332,2026-02-07 17:58:15,2026-02-07 17:58:15
745,1261017,30001,projects,,view,grant,Test view override,,1,1080332,2026-02-07 17:58:15,2026-02-07 17:58:15
746,1261017,30001,projects,,create,grant,Test create override,,1,1080332,2026-02-07 17:58:15,2026-02-07 17:58:15
747,1261017,30001,projects,,edit,grant,Test edit override,,1,1080332,2026-02-07 17:58:15,2026-02-07 17:58:15
748,1261017,30001,projects,,delete,grant,Test delete override,,1,1080332,2026-02-07 17:58:15,2026-02-07 17:58:15
749,1261017,30001,projects,,export,grant,Test export override,,1,1080332,2026-02-07 17:58:15,2026-02-07 17:58:15
750,1261017,30001,projects,,approve,grant,Test approve override,,1,1080332,2026-02-07 17:58:16,2026-02-07 17:58:16
751,1261017,30001,projects,,submit,grant,Test submit override,,1,1080332,2026-02-07 17:58:16,2026-02-07 17:58:16
752,1261017,30001,hr,,view,grant,Grant test,,1,1080332,2026-02-07 17:58:16,2026-02-07 17:58:16
753,1261017,30001,hr,,edit,revoke,Revoke test,,1,1080332,2026-02-07 17:58:16,2026-02-07 17:58:16
754,1261017,30001,projects,case_management,view,grant,Temporary case management access,,1,1080332,2026-02-07 17:58:16,2026-02-07 17:58:16
755,1261017,30001,logistics,,create,grant,Module-level override,,1,1080332,2026-02-07 17:58:16,2026-02-07 17:58:16
756,1261017,30001,finance,,approve,grant,Temporary approval authority during leave coverage,2026-02-14 17:58:16,1,1080332,2026-02-07 17:58:16,2026-02-07 17:58:16
757,1261017,30001,meal,,view,grant,Permanent override,,1,1080332,2026-02-07 17:58:16,2026-02-07 17:58:16
760,1261017,30001,finance,,export,revoke,Restrict export during audit period,,0,1080332,2026-02-07 17:58:41,2026-02-07 17:58:42
763,1080332,30001,projects,,create,grant,Bulk create override test,,1,1080332,2026-02-07 17:58:42,2026-02-07 17:58:42
764,1080332,30001,projects,,edit,grant,Bulk edit override test,,1,1080332,2026-02-07 17:58:42,2026-02-07 17:58:42
765,1080332,30001,projects,,delete,grant,Bulk delete override test,,1,1080332,2026-02-07 17:58:42,2026-02-07 17:58:42
766,1080332,30001,projects,,export,grant,Bulk export override test,,1,1080332,2026-02-07 17:58:42,2026-02-07 17:58:42
767,1080332,30001,projects,,approve,grant,Bulk approve override test,,1,1080332,2026-02-07 17:58:42,2026-02-07 17:58:42
768,1080332,30001,projects,,submit,grant,Bulk submit override test,,1,1080332,2026-02-07 17:58:42,2026-02-07 17:58:42
769,1261017,30001,grants,,export,grant,Test override for effective permissions,,1,1080332,2026-02-07 17:58:42,2026-02-07 17:58:42
770,1261017,30001,projects,,view,grant,Test view override,,1,1080332,2026-02-07 17:58:42,2026-02-07 17:58:42
771,1261017,30001,projects,,create,grant,Test create override,,1,1080332,2026-02-07 17:58:42,2026-02-07 17:58:42
772,1261017,30001,projects,,edit,grant,Test edit override,,1,1080332,2026-02-07 17:58:42,2026-02-07 17:58:42
773,1261017,30001,projects,,delete,grant,Test delete override,,1,1080332,2026-02-07 17:58:42,2026-02-07 17:58:42
774,1261017,30001,projects,,export,grant,Test export override,,1,1080332,2026-02-07 17:58:42,2026-02-07 17:58:42
775,1261017,30001,projects,,approve,grant,Test approve override,,1,1080332,2026-02-07 17:58:42,2026-02-07 17:58:42
776,1261017,30001,projects,,submit,grant,Test submit override,,1,1080332,2026-02-07 17:58:42,2026-02-07 17:58:42
777,1261017,30001,hr,,view,grant,Grant test,,1,1080332,2026-02-07 17:58:42,2026-02-07 17:58:42
778,1261017,30001,hr,,edit,revoke,Revoke test,,1,1080332,2026-02-07 17:58:42,2026-02-07 17:58:42
779,1261017,30001,projects,case_management,view,grant,Temporary case management access,,1,1080332,2026-02-07 17:58:42,2026-02-07 17:58:42
780,1261017,30001,logistics,,create,grant,Module-level override,,1,1080332,2026-02-07 17:58:42,2026-02-07 17:58:42
781,1261017,30001,finance,,approve,grant,Temporary approval authority during leave coverage,2026-02-14 17:58:43,1,1080332,2026-02-07 17:58:42,2026-02-07 17:58:42
782,1261017,30001,meal,,view,grant,Permanent override,,1,1080332,2026-02-07 17:58:42,2026-02-07 17:58:42
